first_name,last_name,address,city,country,phone_prefix,phone_number,date_of_birth,password,user_type,user_status,username
Rebekah,Tomley,50 Northfield Park,Maxixe,1,50,605172409,14/01/2017,Za3JoiYEQx,1,2,rtomley0
Marietta,Stefanovic,0873 Forest Run Lane,Belo Blato,2,91,219449711,10/07/2016,7Up7J349,2,1,mstefanovic1
Lianna,Bleakley,71585 Kingsford Terrace,Huangyang,2,275,607894439,16/05/2017,rWzH0Y8vhEQ,2,1,lbleakley2
Efren,Everix,26309 Judy Avenue,Asan,2,100,942439593,30/11/2016,hW4s9qA9,2,2,eeverix3
Elvina,Lowin,061 Sachtjen Place,Huashi,1,262,446149389,29/08/2016,YogX8gd,1,1,elowin4
Brock,Anders,9824 Monica Hill,Dasuk,2,293,603635446,15/10/2016,KaBef70,2,2,banders5
Chance,Kintzel,191 Southridge Street,Muḩambal,1,201,231489992,01/03/2017,bq0B1e,1,1,ckintzel6
Matthias,Pipkin,0 Rusk Terrace,Kabare,2,278,255307390,08/02/2017,c0KAwyiCqyBh,1,2,mpipkin7
Nedda,McDonell,9 Almo Place,Luofang,1,185,58630755,20/04/2017,K2ZpiM,1,1,nmcdonell8
Reube,Tandey,741 Kedzie Circle,Walenrang,2,73,536451163,28/02/2017,XIvXRz16,2,2,rtandey9
Ashton,Broomer,9738 Raven Street,Dobre Miasto,2,262,472556591,28/01/2017,dwFs2n,2,2,abroomera
Dory,Clissett,419 Nelson Plaza,Ituverava,2,62,225182515,22/07/2016,9LvMhFE,2,2,dclissettb
Rorie,Feldmus,463 Killdeer Center,Aldergrove,1,202,798551930,05/10/2016,F8vJ3BgjV,1,2,rfeldmusc
Tristam,Asple,930 Jay Way,Andilamena,1,200,853631939,06/06/2016,KRGSbyK,2,1,taspled
Kandy,Obington,9316 Del Mar Parkway,Bozhou,1,100,617369198,03/06/2016,imAh3dk6A,1,1,kobingtone
Melessa,Cereceres,4 Hooker Avenue,Nkoteng,1,288,109954808,20/06/2016,V6JVwztRsseF,1,1,mcereceresf
Cecil,Kornousek,86 Bluejay Way,Krasnyy Gulyay,1,158,848376448,07/02/2017,5nXYZ8WrB,2,2,ckornousekg
Sheila-kathryn,Pessolt,0 5th Center,Götene,2,6,648821154,22/11/2016,57hxRxE2,2,2,spessolth
Adriaens,Dimitresco,02913 International Pass,Granada,1,273,177254588,02/08/2016,kgFgf6uZeXd6,1,1,adimitrescoi
Kandace,Boog,986 Harper Plaza,Wongka,2,55,540937167,31/03/2017,PuEW1FsxsIi8,2,2,kboogj
Sibby,Full,14126 Linden Pass,Daja,2,294,324872597,04/05/2017,z7gFBn,2,2,sfullk
Rollie,Cloake,06 Dahle Point,Circa,2,292,167595629,12/06/2016,H1iMift,2,1,rcloakel
Roi,Effaunt,50385 Cottonwood Lane,Bandar-e ‘Asalūyeh,2,246,602157425,18/06/2016,ZXQmwj6x,2,2,reffauntm
Forrest,Battey,1172 Steensland Park,Maumbawa,2,211,571144848,20/03/2017,stvYWR,1,2,fbatteyn
Anatola,Gare,97682 Forster Parkway,Eirol,2,148,216327925,11/11/2016,Oodwj8,2,1,agareo
Pernell,Morfey,3 Artisan Park,Leninskoye,2,295,209313470,07/07/2016,jC1GXj9F,1,2,pmorfeyp
Rolland,Aspell,668 Westridge Center,Betong,2,196,587446524,10/05/2017,iBX0clqv,1,1,raspellq
Eleni,Scourgie,9037 Mayer Hill,Pehuajó,1,246,840258615,19/07/2016,tzjhvhNpzx,1,1,escourgier
Trent,Hasling,239 High Crossing Pass,Vales,1,238,529510744,20/04/2017,i5aS6R2M,1,1,thaslings
Craggie,Lettson,8593 Comanche Parkway,Katrineholm,1,8,356619790,24/07/2016,Gmi6os0XIIbf,2,2,clettsont
Sarine,Antoons,2768 Waywood Avenue,Bazhu,1,136,987084283,25/04/2017,d2X1dA9,2,2,santoonsu
Obediah,Cruttenden,1751 Petterle Court,Totolan,2,61,160502841,25/03/2017,GXx6Zb,1,2,ocruttendenv
Chrystel,Clooney,243 Lien Plaza,El Alamo,2,145,662808866,13/09/2016,lc6aSAm,1,2,cclooneyw
Angel,Gullberg,54722 Rigney Plaza,Shitang,2,170,852606927,09/03/2017,A5w8FZve7tY,2,2,agullbergx
Archer,Mattisson,3317 Sullivan Parkway,Gongbuxue,2,206,937391033,05/10/2016,TGXTvCrqAz,2,1,amattissony
Keefe,Helks,8 Chive Center,Lushnjë,1,5,386004224,28/07/2016,swMXqSMs,2,1,khelksz
Dav,Stackbridge,013 Pond Lane,Yuankeng,1,261,38763046,16/04/2017,jjGuYzobWjt,1,1,dstackbridge10
Biron,Eberlein,34 Glendale Lane,Stapleford,2,195,858353382,04/06/2016,SwALWkrhuvD,2,2,beberlein11
Rouvin,Reucastle,7 Di Loreto Trail,Kalianyar Selatan,1,210,115891394,13/10/2016,mZ4yM4a,2,1,rreucastle12
Augy,Threadgall,62 Meadow Vale Way,Goúrnes,2,46,849625130,20/12/2016,DQjvudC3l,1,2,athreadgall13
Chase,Formie,0 Lakeland Point,Gondomar,2,118,348986213,09/11/2016,nh9ghrp0,1,2,cformie14
Sharl,Blind,238 Fuller Way,Nanlin,1,255,536573398,04/11/2016,HbdDTzbouoX,2,2,sblind15
Cammy,Wheble,4003 Bay Hill,Sarnów,1,196,365739065,22/01/2017,Iel0HmoDmlDq,1,2,cwheble16
Gerrilee,Doutch,3525 Pleasure Circle,København,1,101,430372444,19/02/2017,ghm7O4,1,1,gdoutch17
Emanuel,Brunroth,8841 Lerdahl Trail,Jabłonowo Pomorskie,1,123,753796739,24/07/2016,vzlLZ0BLzapE,1,2,ebrunroth18
Bev,Blasetti,49 Weeping Birch Lane,Dolavón,2,294,653785825,17/03/2017,ZKPZQx,1,2,bblasetti19
Reinald,Geroldo,8 Eastlawn Parkway,Lebedinovka,2,68,704659909,10/07/2016,XrVhSe,1,1,rgeroldo1a
Akim,Eichmann,386 Pine View Court,Prokuplje,1,133,531553195,13/08/2016,9pq4etcDJOv,1,1,aeichmann1b
Sharia,Coolican,9309 Melby Hill,Gucheng,2,273,438488864,07/10/2016,HTpyqcV1,2,2,scoolican1c
Neille,Delafoy,61327 Anthes Avenue,Stuttgart,1,153,846938537,10/04/2017,Stcg0sEjI8Er,2,1,ndelafoy1d
Betti,Stratford,582 Utah Lane,Jiangpu,1,100,178703746,08/09/2016,qU0d6tb,1,1,bstratford1e
Fonsie,Horsburgh,35 Waubesa Pass,Leiguan,2,199,978451063,31/03/2017,fPmxTEqE,2,2,fhorsburgh1f
Jillie,MacFie,473 Lillian Point,Guruyan,1,54,559893736,29/05/2016,BQIZtE1v,2,2,jmacfie1g
Fenelia,Hammerstone,1 Browning Alley,Litan,2,97,963782945,08/03/2017,46qI1ubQw0f9,1,2,fhammerstone1h
Ardys,Phipson,14 Surrey Hill,Khoronk’,2,215,914136497,22/02/2017,3Y1gWiUUt,1,1,aphipson1i
Fayina,Scruton,2 Atwood Crossing,Sampués,1,122,648261572,20/03/2017,hDK5nsM2rkXF,1,2,fscruton1j
Hurlee,Goosey,511 Steensland Drive,Yunchi,2,3,768501874,30/08/2016,KkRzGK,1,2,hgoosey1k
Wilhelm,Theodore,47403 Prairie Rose Parkway,Alor Setar,1,208,58730022,31/07/2016,eKbOU9m7KoW,2,1,wtheodore1l
Al,McAw,56599 Heath Terrace,Orléans,2,152,859736958,09/11/2016,3Iiw8B,2,2,amcaw1m
Rebekkah,Connett,9 Hudson Crossing,Ranchuelo,2,43,883630790,26/09/2016,qSoSYNG0NUX0,2,2,rconnett1n
Lori,Chmarny,1866 Graceland Lane,Guamo,2,224,522586612,24/07/2016,g6vq90b6QjI5,1,1,lchmarny1o
Ingelbert,Kippin,101 Main Crossing,Dayr as Sūdān,2,18,236943226,29/08/2016,60LTyW99PV,2,1,ikippin1p
Rutger,Seater,237 Morrow Place,Sawara,1,270,771498657,18/06/2016,z32WpVkOR2rW,1,2,rseater1q
Sharity,Boseley,05 Larry Place,Spirit River,1,266,120350089,20/07/2016,vRkWWKxKhI,1,2,sboseley1r
Ainslie,Howells,40 Hudson Park,Trmice,2,211,726572610,07/03/2017,mzPDQviFgT,2,2,ahowells1s
Rosita,Volette,61 Straubel Center,Zhulin,1,122,732042623,25/03/2017,GPWf5p5C,1,1,rvolette1t
Malva,Kunzel,2 Mallard Place,Xiaoqi,1,191,151073344,21/10/2016,djAGolOgNz,1,1,mkunzel1u
Leia,Hawkshaw,04 Independence Hill,Ursynów,2,47,561269073,24/03/2017,yAYqyL,1,2,lhawkshaw1v
Theodore,Bimson,41657 Hermina Street,Voyutychi,1,181,585500893,27/05/2016,KnvJlW,2,2,tbimson1w
Osbourn,Clelland,2 Ronald Regan Parkway,Liangli,2,264,902629615,17/03/2017,YxK0oe5,2,2,oclelland1x
Gelya,Hadkins,1 Mandrake Point,Brades,2,91,417021034,24/11/2016,2PPu1SW,1,2,ghadkins1y
Bertine,Crawshay,6 Esker Hill,Vlorë,1,224,133124472,09/09/2016,Y1L7cY0s,1,1,bcrawshay1z
Zita,Yankov,48 Rusk Lane,Durham,2,108,880120593,24/08/2016,KrDCtwl,2,2,zyankov20
Reba,Wodham,104 Spohn Junction,Babakanlapang,2,77,119537094,20/03/2017,HOM6ukhk9yEQ,1,1,rwodham21
Ashlee,Dillaway,4583 Green Ridge Parkway,Paprotnia,1,299,449211984,11/01/2017,uAdHnsc,1,1,adillaway22
Garvin,Bein,8055 Rowland Parkway,Montalvo,2,146,896856787,28/09/2016,RiDHGXmu,2,1,gbein23
Meredith,Clendening,90 Elgar Street,Palu,2,134,72675327,17/12/2016,EQIzH0rxgH15,1,2,mclendening24
Conrado,Pankettman,1 3rd Parkway,Planaltina,2,61,900869077,30/11/2016,ycEzCs2ifK,2,1,cpankettman25
Ladonna,Yellowlea,342 Jana Street,Puračić,1,245,964044302,15/04/2017,JGjcRM,1,1,lyellowlea26
Betsy,Slesser,4 Gulseth Street,Palencia,2,66,395377529,26/12/2016,g3ZkRD,2,1,bslesser27
Lonni,Bogart,7280 Commercial Road,Linglong,2,188,11204122,12/11/2016,HCzrhe6O,1,2,lbogart28
Willdon,Manvelle,8 Myrtle Hill,Yucun,2,110,538798233,10/07/2016,po8wqs,1,1,wmanvelle29
Averil,Ogelbe,160 Dovetail Street,Maluko,2,96,728192132,14/03/2017,UUqJriSgoLxl,2,2,aogelbe2a
Trish,Lernihan,89345 Lake View Alley,Zall-Dardhë,1,19,692091438,02/12/2016,CgbwoQDBO8,2,2,tlernihan2b
Goober,Buddell,43 Lindbergh Pass,Boucinhas,1,294,947203953,05/04/2017,TvrRF8AsBEA,1,1,gbuddell2c
Opal,Sachno,77599 Cherokee Lane,Al Jahrā’,1,80,805423963,27/09/2016,7hE6NnbKrY,1,2,osachno2d
Kata,Sepey,71 Daystar Parkway,Balingcanaway,2,70,804870534,06/09/2016,4iOuWLT5KDTf,1,1,ksepey2e
Zelma,Sprouls,5 Commercial Alley,Shāhpur Chākar,1,23,419304589,13/03/2017,qoGkuFc5i,2,2,zsprouls2f
Jamison,Zold,739 Oakridge Street,Washington,2,9,782103045,09/11/2016,gKDGLtVKRQsl,1,2,jzold2g
Tuck,Barreau,27 Lerdahl Way,Xinjiebu,2,8,623613461,15/12/2016,VMsYj3STrO,2,2,tbarreau2h
Eveline,Demangeon,8995 Prairie Rose Point,Narimanov,1,264,46991968,02/02/2017,07U5gYaRRXWB,1,1,edemangeon2i
Geralda,Newlands,33 Bluestem Pass,Krajan Tegalombo,2,270,741898185,23/02/2017,pvj6J8,2,1,gnewlands2j
Tessi,Scrivinor,1 Carpenter Place,Hermosa,1,137,822738357,23/08/2016,KQsK6j,2,1,tscrivinor2k
Tamara,Christoffersen,989 Golf View Trail,Jiulong,1,224,653198148,11/08/2016,03n2yooc9,1,1,tchristoffersen2l
Martina,Vedikhov,8 Mandrake Place,Chashan,1,58,692260625,07/06/2016,s7EnezBE,2,1,mvedikhov2m
Irv,Kenewel,54 Autumn Leaf Place,Niepos,2,199,863857295,13/11/2016,YzhuTno9J,1,2,ikenewel2n
Mella,Basford,9115 Shopko Road,Mossoró,1,186,554470618,21/09/2016,xm52x5pM,2,2,mbasford2o
Pepillo,Mishow,12 Kingsford Center,Ulichnoye,2,122,738280492,12/07/2016,TBOwGa8,1,2,pmishow2p
Fayina,Brine,0 Mallard Center,Palaió Fáliro,2,243,744698344,02/03/2017,bTwc2CI,1,1,fbrine2q
Kenna,Martygin,93 Crowley Terrace,Triolet,2,209,803255235,18/11/2016,HerL60,1,1,kmartygin2r
Anselm,Loynton,6 Hanson Road,Mendeleyevo,2,273,693190231,18/01/2017,cwqihCUG8p6,1,2,aloynton2s
Stern,Storck,3698 Scott Terrace,Mirocin,2,112,701443415,30/08/2016,AJEaXm3Fn,2,1,sstorck2t
Britni,McGrady,4161 Columbus Park,Maych’ew,2,226,532075404,02/03/2017,Sm4O31hax,2,1,bmcgrady2u
Chariot,Sugg,11946 Northfield Avenue,Nanxing,2,104,553824703,23/08/2016,0zWYRJQdv,2,2,csugg2v
Levey,Spawton,1550 Independence Circle,Albufeira,2,36,41875658,28/07/2016,a6sRX5ZsXVA,1,2,lspawton2w
Lester,Peacher,6171 Corry Park,Rio Meão,1,159,665496082,07/02/2017,dg64fRb,1,2,lpeacher2x
Finley,Veale,443 Elmside Circle,Chum Phae,2,83,968138156,19/10/2016,JBlRVuMa,2,2,fveale2y
Lenore,O'Nowlan,98315 Service Way,Mała Wieś,2,102,798609321,11/07/2016,pF2ynNq,1,2,lonowlan2z
Gun,Cianelli,01 Mallard Court,Meijiang,2,300,811518982,05/05/2017,kXybL7JlI,2,2,gcianelli30
Rosy,Foxworthy,0 Erie Street,Nazyvayevsk,2,98,678867268,03/04/2017,KVyi9cN,2,1,rfoxworthy31
Bent,Kubacek,2631 Maryland Point,Padasuka,1,243,805633203,22/02/2017,53WsS7,2,2,bkubacek32
Abby,Bilbey,86595 Derek Crossing,Wangmeng,1,55,470793550,19/11/2016,zrfAei,2,1,abilbey33
Job,McWhirter,40611 Badeau Road,Cícero Dantas,2,85,550593437,24/07/2016,o7SuVS,2,2,jmcwhirter34
Armando,Pietrowski,8725 Clyde Gallagher Pass,Huangzhawan,1,105,369564404,18/11/2016,lbBWPo7,1,2,apietrowski35
Oberon,Brantl,4 Annamark Park,Walferdange,2,261,262709797,04/09/2016,Ym8aAPebfOP,1,2,obrantl36
Dannye,Stratten,58878 Knutson Avenue,Sinyavino,1,280,611301943,26/05/2016,SsekUqm2V6,2,1,dstratten37
Torrie,Bentson,17882 Summer Ridge Plaza,Blumenau,1,3,427257360,02/03/2017,40Lm6ORP,2,1,tbentson38
Lauralee,Maris,9602 Mosinee Drive,Ugba,2,95,66362192,12/06/2016,QSw8TqGUmwg,2,2,lmaris39
Lulita,Locock,8279 Cherokee Circle,Sindanghayu,2,73,459182324,05/02/2017,Nvx5OKB7F,2,1,llocock3a
Sephira,Stace,96199 Schurz Hill,Dazhan,2,42,137028970,27/04/2017,FdD2OhzAL,1,2,sstace3b
Bengt,Stollenberg,10769 Pleasure Junction,Dalar,1,146,19613372,13/08/2016,WjlOSK,1,1,bstollenberg3c
Lila,Sloegrave,27 Morning Trail,Lidun,1,32,158932612,13/02/2017,9zHIIgL,2,2,lsloegrave3d
Sigismund,Crebo,831 Claremont Parkway,Swedru,1,12,644093613,24/01/2017,mOpk5MS6xI,2,1,screbo3e
Dalis,Bernli,83114 Maryland Court,Jiujie,1,131,415703915,03/07/2016,R8bZLX,1,2,dbernli3f
Constantina,Glanville,5331 Eliot Terrace,San Pedro Apartado,2,265,189418447,26/02/2017,A3VOgzt1dy,2,2,cglanville3g
Chelsie,Ciementini,28843 Stuart Drive,Oued Lill,1,299,481006778,06/11/2016,y8pq4aAuMk7,1,2,cciementini3h
Farris,Wittering,5 Cordelia Center,San Fernando,1,122,765644894,13/10/2016,7OONZJxrXz,1,1,fwittering3i
Dennis,Scadden,60 Ridge Oak Place,Rymanów,2,92,94008300,03/01/2017,zSiKYuPDtT,1,2,dscadden3j
Rosaleen,Gorioli,49 Hagan Point,Xianhe,2,228,706372883,08/02/2017,l1pUxip0E,1,2,rgorioli3k
Kitty,Martinolli,80 Rieder Drive,Ngangguk,2,287,110080910,05/03/2017,OguiV2d,2,2,kmartinolli3l
Marianne,Nisuis,880 Brickson Park Trail,Headlands,2,23,172378279,30/08/2016,kLV66cB,1,1,mnisuis3m
Olivero,Seamarke,11 Atwood Terrace,Beiqijia,2,230,268739862,10/09/2016,LmcUiZEkzpX3,2,2,oseamarke3n
Muffin,Huntall,8 Wayridge Trail,Bojonggenteng,1,171,14451038,22/06/2016,nDVQN3,1,2,mhuntall3o
Penny,Oertzen,20 Colorado Plaza,Canelas,1,23,426112044,23/08/2016,oaNqpU,2,1,poertzen3p
Marve,Jeeks,55697 Sheridan Place,Malvern,2,206,319040548,22/10/2016,KRkiEZdI2E,1,2,mjeeks3q
Goldina,Stenet,459 Merry Road,Žabljak,2,56,510180582,06/09/2016,JslSArJc3dvs,2,1,gstenet3r
Edi,Brazer,90368 Victoria Alley,Bokong Timur,1,37,918876531,13/10/2016,XxP0NtwUhfw,1,1,ebrazer3s
Yoshiko,Gutridge,790 Jenifer Road,Tiecun,2,178,258449158,11/04/2017,vPSNMplm,1,1,ygutridge3t
Charmaine,Wintour,7 Erie Place,Złotów,2,13,155558059,20/02/2017,fDElHtIj6Ah,1,2,cwintour3u
Allyn,Osbiston,66085 Rockefeller Alley,Santa Eulalia,1,250,149548164,25/12/2016,CyLhDZ,2,1,aosbiston3v
Hester,Krysztofiak,40 Bellgrove Park,Casal de São João,1,155,446328994,16/10/2016,3VENFr07g4,2,2,hkrysztofiak3w
Dag,Beardshaw,47786 Moose Trail,Mehtar Lām,2,227,415211841,16/05/2017,zCToGW7w57r,2,2,dbeardshaw3x
Pearline,Caley,19 Grayhawk Place,Nanqiu,1,283,317103442,30/08/2016,PM5VDU,2,1,pcaley3y
Olag,Seeborne,58 Holy Cross Court,Denyshi,2,60,149000590,19/10/2016,wUYobTWO6bv,2,1,oseeborne3z
Marijn,Dedman,2444 Little Fleur Court,Tsumeb,1,213,394853238,17/12/2016,iPDfiq80a,1,2,mdedman40
Obed,Maycey,8913 Fulton Drive,Carlton,2,40,727958448,11/06/2016,jZ46eC8B,1,1,omaycey41
Kellina,Stempe,01 Gale Street,Hakui,2,124,729057297,08/05/2017,OCIUFzady,1,1,kstempe42
Paige,Klosser,13014 Eggendart Avenue,Flagstaff,1,270,409645930,20/06/2016,O56Q2Xiw,1,2,pklosser43
Britteny,Barrett,7 Hallows Parkway,Verdun,1,70,178633674,21/02/2017,BWesV2Qn,1,2,bbarrett44
Amandi,McIlwrick,8 Rusk Road,Kaji,1,125,172661731,30/04/2017,7aTmcdne,2,2,amcilwrick45
Marchall,Diben,98 Harper Junction,Lipie,1,96,843506763,06/03/2017,cUnQuRCRDd,2,1,mdiben46
Cathryn,Vel,177 Cody Terrace,Grand-Bassam,2,31,203889196,20/03/2017,R5N8fjRSi,1,2,cvel47
Mercie,Jablonski,785 Oak Valley Way,Chiconi,2,264,419389787,25/09/2016,OAA6Et,1,2,mjablonski48
Jeffie,Ladell,907 Westend Alley,Zhouling,1,74,794027880,19/12/2016,xzIs1V,2,2,jladell49
Melitta,Binion,6064 Iowa Center,Privlaka,2,140,867298975,24/03/2017,YPKZE4yE,1,1,mbinion4a
Corena,Fidelus,5 Spohn Point,Duba-Yurt,2,28,154090470,26/01/2017,A9Wcmsp,2,2,cfidelus4b
Johnny,Burehill,70 Sundown Way,San Carlos,1,173,831481391,28/10/2016,ZatwMSpr,2,1,jburehill4c
Florry,Hairyes,3108 Kedzie Center,Thị Trấn Ngọc Lặc,1,199,946747417,12/12/2016,PrW9uIz,1,2,fhairyes4d
Jerry,Beviss,281 Quincy Terrace,Sandur,2,231,635005352,27/02/2017,1UOwPG,2,1,jbeviss4e
Lexy,Milch,27057 Hanover Avenue,Marseille,2,216,683258612,17/12/2016,ceTdJxE1,2,2,lmilch4f
Audre,Sowthcote,10 Lien Road,Khuzdār,1,143,112917375,16/04/2017,XP5eUQz,1,1,asowthcote4g
Broddie,Gaspar,53808 Waywood Center,Murygino,2,294,101589433,19/11/2016,qvTgCXFji,1,1,bgaspar4h
Ed,Kuschke,5 Division Point,Racławice,2,200,246138873,28/02/2017,AdfgrvAe,1,1,ekuschke4i
Dana,Bowkley,0 Golden Leaf Way,Avallon,1,299,585031210,31/12/2016,AD9Vy2Em0hPr,1,2,dbowkley4j
Archaimbaud,Burker,91658 Gateway Hill,Mstów,2,228,683990764,31/10/2016,aAjWhFxKk,2,2,aburker4k
Derrek,McClory,71301 Drewry Way,Sovetsk,1,272,464774156,26/03/2017,DQ4g0F,2,2,dmcclory4l
Any,Race,405 Manitowish Alley,Hetai,2,170,208295386,21/05/2016,osPyldlB,2,1,arace4m
Bertie,Hartin,072 Westridge Lane,Suren,2,267,70173142,26/05/2016,oMfjQgk6c,1,1,bhartin4n
Vivienne,Alwood,625 Eagan Place,Tandzut,1,169,139421077,21/01/2017,NDT4vo4gTZy,1,2,valwood4o
Brander,Norcott,7390 Dorton Place,Lindome,1,224,322719421,03/03/2017,DfyO3yJnK,1,1,bnorcott4p
Herta,Tuft,71 Kingsford Avenue,Shakhty,1,16,613095864,20/02/2017,a4ah12fmdNo,2,1,htuft4q
Cesaro,Spilstead,8457 Caliangt Hill,Madison,2,207,398213430,21/01/2017,rQSIPV,2,1,cspilstead4r
Alicea,Rawcliffe,5 Hermina Parkway,Gotputuk,2,192,689959571,28/08/2016,nNzgHWzZprG,1,2,arawcliffe4s
Yetta,Edards,28 Dayton Avenue,Cerenti,1,25,804500364,09/07/2016,jbGJpS,2,2,yedards4t
Odelia,Pautot,427 Hoffman Plaza,Yelizovo,2,190,845211209,07/10/2016,LfHPuNQjZ7rU,1,2,opautot4u
Joelly,Ewbanks,09778 Tony Circle,Xingfu,2,281,530542402,17/08/2016,GrbDDdd7,2,1,jewbanks4v
Emily,Leghorn,82 Fairfield Hill,Gaohu,2,105,355048208,22/01/2017,jBF6y0X,1,2,eleghorn4w
Noel,Spreag,06212 Elka Center,Piaski,2,100,141625818,08/07/2016,UMlaYVSrh,2,2,nspreag4x
Robby,de Quesne,581 West Pass,Hengqiao,2,101,194078618,23/05/2016,grnIioT5CO,2,1,rdequesne4y
Aurora,Baribal,097 Cordelia Circle,Ciketak,2,152,670045967,03/06/2016,h6Hjyu,2,1,abaribal4z
Wynny,Pancost,2324 Springs Drive,Odrinhas,2,168,296074390,18/01/2017,o2zVs0HnA5g,2,2,wpancost50
Briggs,Faucett,19408 Holmberg Lane,Kvartsitnyy,2,272,501907207,26/02/2017,3q0zxuYCk,2,1,bfaucett51
Marline,Etherton,8648 Rigney Street,Mekarsari,1,13,638432294,18/01/2017,wmQBOFl14DE,1,2,metherton52
Dory,Stanyard,8355 Parkside Parkway,Salitrillos,2,156,788279022,28/07/2016,C5dTbR2C7O,2,1,dstanyard53
Abbey,Yedall,17 Eggendart Parkway,Yurkivka,2,113,304964225,05/11/2016,nYkuqGDtDp,2,1,ayedall54
Marilyn,Blackadder,66 Dennis Center,Hofors,1,300,784220603,11/05/2017,bvc6fvuOGXx5,1,1,mblackadder55
Charisse,Kellie,5 Heffernan Avenue,Dongxing,2,147,986257109,22/05/2016,a2smFFSTKW,1,2,ckellie56
Helyn,Scyner,3420 Glacier Hill Place,Selaawi,2,195,814484584,05/01/2017,rBNbz4NK,2,2,hscyner57
Charissa,Oneile,3603 David Crossing,Gersikputih Tengah,2,230,984373796,30/03/2017,xu98Ha7oe5WO,2,2,coneile58
Alfredo,Tomasutti,3 Warner Way,Concordia,1,8,596423091,10/08/2016,63vindh,1,1,atomasutti59
Ashley,Lowther,81919 Blackbird Trail,Mae Sai,2,156,980294239,08/07/2016,5SMpOMfuAU,1,2,alowther5a
Shayne,Suter,84671 Sommers Alley,Bulag,1,273,492753,30/05/2016,4Auex1Hnb0,1,1,ssuter5b
Jacky,Rowell,261 Warrior Terrace,Zamora,2,299,894202943,08/03/2017,hvqFV1svMI,2,1,jrowell5c
Haily,Strute,4 Longview Drive,Srostki,1,221,391473632,03/10/2016,Pu7Gh9Y9,1,1,hstrute5d
Zebulon,Mabey,9152 Sherman Drive,Sokobanteng,1,40,565917831,21/02/2017,Z7whiXWfARm,1,2,zmabey5e
Mirabella,Paoletto,0 West Place,Shahrak,1,283,841293674,09/01/2017,1yUdNDLxU,1,2,mpaoletto5f
Tait,Girdlestone,774 Fulton Lane,Verkhov’ye,1,32,521270599,20/11/2016,0TncVn,1,1,tgirdlestone5g
Scotti,Unger,80 Havey Road,Bugojno,1,72,795259337,16/11/2016,yMMXizun,2,2,sunger5h
Decca,Barkhouse,63 Loeprich Center,Raciąż,2,12,278654789,05/07/2016,Y9AcoG5U,1,1,dbarkhouse5i
Freeman,Iamittii,417 Maple Wood Junction,Touama,2,222,167651174,17/12/2016,47pc59NgA,1,2,fiamittii5j
Tomkin,Joutapavicius,41 Valley Edge Place,Maronge,2,57,990526409,10/06/2016,HMyXoQVUCDF,2,1,tjoutapavicius5k
Dorita,Khristyukhin,104 Garrison Terrace,Tomay Kichwa,2,70,330583192,12/12/2016,FQicPd6Qt9n,1,2,dkhristyukhin5l
Brynne,Dunridge,668 Kinsman Point,Independencia,1,170,555933133,24/08/2016,D85PKbI6u4Bn,2,1,bdunridge5m
Kristos,McDiarmid,1 Lunder Alley,Lete,1,108,196474069,11/02/2017,ztGLE8xSz9a,1,1,kmcdiarmid5n
Gillie,Kensitt,811 1st Park,Xuling,1,210,494127272,21/10/2016,hNsTl9Mh6I,1,1,gkensitt5o
Mikel,Hurdedge,3183 Rockefeller Hill,Dinājpur,1,98,416501402,22/07/2016,Up09D2SbrI,2,2,mhurdedge5p
Byrle,Heskin,16851 Northview Way,Leeuwarden,2,70,970725534,27/12/2016,oBoS1yGkH0,2,2,bheskin5q
Randie,Conahy,42341 Elka Plaza,Xiyuan,1,2,43126911,21/10/2016,NqxrURNt2I,2,1,rconahy5r
Sissie,Balding,06 Rutledge Parkway,Banjar Pekandelan,1,187,311940422,20/01/2017,G2b7XJ2,1,2,sbalding5s
Thelma,Maypother,725 Roth Crossing,Zhiqing Songduo,2,228,708376433,25/02/2017,qtUdDEQP4Gj,2,2,tmaypother5t
Sharity,Yanne,37578 Service Avenue,Jieduo,1,54,108348785,10/02/2017,FnQ4xXM5,1,2,syanne5u
Diann,Rustan,20 Sunfield Avenue,Wonoharjo,2,171,794522918,08/12/2016,DTc6nKUaI,1,1,drustan5v
Morgen,Farryan,2 Reinke Parkway,Besole,1,75,108879590,17/06/2016,QXC922S,2,1,mfarryan5w
Babb,Couves,17 Kings Court,Wangshi,2,205,355418849,12/05/2017,dQmcOQoz12sO,1,2,bcouves5x
Lynnet,Surtees,33642 Ohio Drive,Hinapalanan,2,155,14773951,30/05/2016,fqpkJiX,2,1,lsurtees5y
Cornelia,Redgate,57 Kingsford Hill,Pil’na,1,89,60134809,17/11/2016,ckoYWZPxp,2,2,credgate5z
Jannelle,Pafford,37342 Katie Terrace,Quezon,1,253,35005960,07/12/2016,lWv9bnw,2,2,jpafford60
Filbert,Fetter,360 North Point,Marseille,1,179,154117587,12/09/2016,DMDITP,1,1,ffetter61
Sayres,Winterscale,49 Cody Drive,Três Lagoas,2,94,184920046,21/11/2016,Q9Oh6Zn,1,1,swinterscale62
Chrissy,Erett,1 Maple Wood Parkway,Kediren,2,199,456517716,01/09/2016,1AdTzBsq,2,2,cerett63
Dawna,Kenway,9047 Old Shore Junction,Xingzi,2,293,802286970,29/08/2016,7LLsEhWxUn,1,1,dkenway64
Kira,Chander,667 Golf Course Drive,Muzambinho,1,259,211404044,02/09/2016,ir2Hb3uqQ5,2,2,kchander65
Thorvald,O'Cassidy,87157 Anhalt Crossing,Guarabira,2,44,54247139,23/05/2016,omFCVW,1,1,tocassidy66
Matelda,Caddock,42319 Carioca Court,Holýšov,1,31,428249351,28/05/2016,C5dUle5U7nah,1,2,mcaddock67
Lishe,Adam,4 Hermina Parkway,Nabari,2,127,259696422,13/12/2016,EP2VLhJfieA,2,1,ladam68
Berti,Dowdle,16 Shasta Plaza,Maagnas,1,57,586202602,03/07/2016,r1mjQtHMP09H,2,2,bdowdle69
Carney,Groombridge,4 Lerdahl Avenue,Envigado,1,276,352940920,29/01/2017,pNC36S1,1,2,cgroombridge6a
Case,Ingry,13 Bartelt Lane,Cariamanga,1,182,646889089,09/11/2016,mD8QkgS,1,1,cingry6b
Henrieta,D'Avaux,95897 Judy Avenue,Ntungamo,2,294,80962772,19/09/2016,5CqD7CKuBV,1,1,hdavaux6c
Fleurette,Aime,8775 Dunning Crossing,Lianovérgi,2,189,822704407,21/04/2017,OSyYhvLAd,2,2,faime6d
Sly,Coughlan,2460 Rusk Trail,Novais,1,67,822724972,01/02/2017,N6BXv3LlKos,1,2,scoughlan6e
Vance,Tytler,1 Hovde Junction,Landerneau,2,290,223015659,13/08/2016,rHDnUX,1,1,vtytler6f
Wells,Harrild,28287 Springs Court,Tangzi,1,6,675429790,15/12/2016,lXZowW,1,1,wharrild6g
Mandi,Waind,20 Mcbride Terrace,Naebugis,1,189,708546325,24/08/2016,dA1RPqv2yq,1,2,mwaind6h
Ricardo,McLeish,429 Mcguire Road,Levoberezhnaya,1,180,649750317,25/07/2016,1fyi9kPLe,1,1,rmcleish6i
Artur,Muat,5 Columbus Parkway,Semiletka,2,44,259761181,02/03/2017,rPNjZ0O40p,2,2,amuat6j
Karla,Khalid,8 Sutteridge Terrace,Candi Prambanan,2,87,520159004,01/07/2016,3XxOjR5RY,1,1,kkhalid6k
Bliss,Klainer,5752 Reindahl Road,Huangling,2,242,858119063,13/08/2016,i1gHWofM,1,1,bklainer6l
Heath,Dowe,9415 Hoard Road,Tsuruga,1,52,945202380,14/02/2017,K37ORJ,2,2,hdowe6m
Sax,Mioni,5594 Hintze Center,Villa del Rosario,2,7,562338556,16/10/2016,kYwuVi,1,1,smioni6n
Tamra,O'Sharry,682 Superior Park,Jimeta,1,273,385071744,11/04/2017,wLb4uSSef,2,1,tosharry6o
Panchito,Barks,996 Grasskamp Lane,Chunyang,1,130,702064787,21/07/2016,yxhRAedi,2,2,pbarks6p
Aylmer,Roscrigg,0500 Main Way,Zuhu,1,28,436769596,18/05/2016,xtkJXxLcr,1,1,aroscrigg6q
Anet,Cops,1 Amoth Park,El Zapote,1,214,825748234,16/07/2016,R6yfrLqI4adY,1,1,acops6r
Ora,Laviss,310 Moland Crossing,Purong,1,278,800297665,05/10/2016,8PWX2h7MWOE8,2,2,olaviss6s
Karol,Galley,830 Orin Drive,Prévost,2,187,494764956,02/02/2017,9AOzUmYo0e2,2,2,kgalley6t
Carmelia,Windrum,6 Annamark Court,Notre-Dame-des-Prairies,1,123,558398505,29/03/2017,3W2M69bVV1SZ,2,1,cwindrum6u
Inez,Reitenbach,6819 Village Circle,Kaédi,2,270,617950118,23/02/2017,DYnrCh1F4,1,1,ireitenbach6v
Samson,Dundendale,4 Dryden Trail,Banyutengah,1,30,502950356,27/07/2016,vk5FiI5mymW,1,2,sdundendale6w
Priscilla,Petraitis,557 Kinsman Place,Pedreira,1,129,262572857,05/08/2016,JwSBw8XvUx,2,2,ppetraitis6x
Berry,Glawsop,3353 Blaine Point,Humen,2,300,148817080,19/01/2017,dQKkasMmT,1,1,bglawsop6y
Kingsley,Boice,3 Macpherson Avenue,Yalukou,2,160,833190251,12/03/2017,acOvouEpPo,1,1,kboice6z
Patin,Pistol,0 Maywood Parkway,Freguesia do Ribeirao da Ilha,2,17,274658607,04/08/2016,NxSSsa,1,2,ppistol70
Paige,Benedict,186 Swallow Parkway,Jiushe,1,165,551769576,15/03/2017,foPfGimM,2,2,pbenedict71
Natalee,Vorley,1 5th Plaza,Paranapanema,1,242,504099891,20/01/2017,Grz8Sf,1,2,nvorley72
Kinnie,Jeffree,72 Schlimgen Place,Al Qarmadah,1,158,394736196,27/07/2016,ybYsMZxGk,1,2,kjeffree73
Felice,Cartwright,1495 Vera Trail,Furongqiao,1,282,877514963,13/05/2017,Sl5x3w9gv,2,1,fcartwright74
Anica,MacPherson,6 Montana Circle,Sadabe,1,135,276421678,15/02/2017,Z3LANJIbyXtK,2,1,amacpherson75
Cos,Leroux,87 Granby Lane,Yaozhuang,1,5,501624961,22/12/2016,EAX9HJ2n,2,1,cleroux76
Zandra,Deavall,210 Badeau Way,Ringin Kembar,1,46,921129585,01/07/2016,KozBNfK,2,2,zdeavall77
Levon,Abrahamian,058 Reinke Parkway,Şafwá,1,50,511009579,05/05/2017,7j32mjdUakvm,1,1,labrahamian78
Helaine,Toone,17775 Bartelt Pass,Pasarbaru,2,192,253358229,27/02/2017,saRw0ql6k,1,2,htoone79
Brooke,Howels,58 Hoffman Crossing,Hamilton,2,253,939891392,23/08/2016,1x4q1pZ7Fnv,1,2,bhowels7a
Monroe,Bills,82196 Florence Court,Lamut,1,278,175110750,29/04/2017,3Sq0WS82jewB,2,1,mbills7b
Hazlett,Mattack,386 Cascade Drive,Lagny-sur-Marne,1,167,529276909,30/03/2017,wPDClLF,2,1,hmattack7c
Leonard,Creenan,80937 Dottie Junction,Meaux,1,263,574869815,14/09/2016,SjxlBGHu,2,2,lcreenan7d
Cobb,De Bruijne,18 Mccormick Alley,Bardalah,1,145,551753538,01/03/2017,kD5MOFg,2,2,cdebruijne7e
Merrilee,Andrejs,5726 Delaware Center,Bech,2,199,357714475,25/08/2016,2Lgz3iYhR,1,2,mandrejs7f
Gabrila,Marcus,91957 Dixon Junction,Pocrí,1,8,422478705,26/03/2017,xt0L9BiPd,2,2,gmarcus7g
Leann,Twinbrow,1 Village Trail,Dzel,1,96,467284952,27/09/2016,djys96,2,1,ltwinbrow7h
Noelle,Denyukin,5447 Hazelcrest Center,Xiaochi,1,272,770427862,07/10/2016,Xb5X61oUUW3,2,2,ndenyukin7i
Karoline,Baldick,82768 Declaration Center,Xinbei,2,282,402920331,10/07/2016,VmZURf2E2HaC,1,2,kbaldick7j
Ashley,Ilyasov,67085 7th Terrace,Baratã,1,238,321569555,02/07/2016,L7FKB8,2,1,ailyasov7k
Ammamaria,Caulton,145 Miller Court,Zhiryatino,1,62,87600999,24/03/2017,0Tcd6ooaXR,1,1,acaulton7l
Briant,Huxtable,4 Ilene Drive,Acharnés,2,275,839618750,07/03/2017,POcViYAHG,2,1,bhuxtable7m
Brewer,Keppe,31540 Rutledge Center,Bălţi,2,161,325208803,15/06/2016,hP7WZWx2,1,1,bkeppe7n
Buck,Sharpley,13012 Pepper Wood Center,Kozakai-chō,1,218,735150641,28/03/2017,eMB9Ll,2,1,bsharpley7o
Norry,Tregona,0266 Spaight Parkway,La Vega,2,235,27751447,07/04/2017,51J63NhK3tQB,2,2,ntregona7p
Joellyn,Sabbatier,07433 Roth Park,Bandar-e Torkaman,1,220,341790408,09/08/2016,zzJOWaPezCP,2,2,jsabbatier7q
Juline,Greenstock,867 Elgar Pass,Bayt ‘Awwā,2,261,167740884,16/02/2017,Pn4iecBz,1,2,jgreenstock7r
Kalie,Hailes,8224 Kim Drive,Labao,1,75,883469489,05/02/2017,n0Tusxg,1,1,khailes7s
Lennard,Kingwell,72 Farmco Circle,Nusaherang,2,294,577956573,17/03/2017,e60kQ0z,1,1,lkingwell7t
Gordan,Duckinfield,22 Prentice Hill,Arıqıran,2,180,612565767,22/11/2016,Zdaku1TOu,1,1,gduckinfield7u
Sigmund,Tasch,5463 Russell Parkway,Lampa,1,77,182126737,26/03/2017,znjmDYm,2,2,stasch7v
Theodoric,Pinchbeck,83261 Continental Lane,Nueva Imperial,1,46,516361763,06/05/2017,U8plhDoBC5,2,1,tpinchbeck7w
Stormy,Mewrcik,27 Sommers Avenue,Serednye Vodyane,1,120,659835060,12/11/2016,z5hKbxP3tWz,1,1,smewrcik7x
Bryce,Loseke,24870 Di Loreto Plaza,Vyšší Brod,1,192,63176518,14/04/2017,SL0xL3i7VlR,2,1,bloseke7y
Marcellina,Diggins,9933 Coolidge Terrace,Marseille,1,96,184448790,20/12/2016,bvDwndlib,1,2,mdiggins7z
Dode,Gravells,19 Spaight Pass,Fukuchiyama,2,182,949534007,31/05/2016,wArSD6e,1,1,dgravells80
Kirby,Hutable,1326 Sage Terrace,Laifang,1,27,894687314,02/11/2016,SIN7BnU,2,2,khutable81
Teodoor,Tilberry,0 Coolidge Avenue,Heping,1,95,51164338,12/08/2016,ybl6OL,1,2,ttilberry82
Jamison,Litterick,2337 Katie Parkway,Nagiba,2,289,529990558,31/07/2016,YKJWgOJd5,2,1,jlitterick83
Wildon,Oldam,7251 Sherman Place,Łapczyca,1,72,847030227,07/10/2016,Hcr8abc,1,2,woldam84
Milly,Verriour,31888 Kinsman Court,Angkahgede,1,287,654600569,18/07/2016,ALyR5vA1tal,2,1,mverriour85
Karim,Oneill,78890 Westport Crossing,Krivaja,2,41,91133804,30/10/2016,pcCyHgVnJW,2,2,koneill86
Agace,Cutbirth,256 Bunting Park,Téra,2,276,529635381,02/03/2017,CecX7bF,1,1,acutbirth87
Tamarah,Demchen,555 Pankratz Street,Karangtengah,1,221,161001150,31/08/2016,jWEXRmQM,1,1,tdemchen88
Fredra,Tulip,84938 Chinook Place,Valvedditturai,2,7,898061601,03/11/2016,LYVmFslsLRvo,1,1,ftulip89
Cloris,Loads,6426 Hovde Place,Klevan’,2,86,498427415,03/06/2016,aZ06Tia7,2,2,cloads8a
Kyle,Titman,730 Lien Drive,Aguaí,1,256,49808587,19/03/2017,0nj3TXoVfmx,1,1,ktitman8b
Kristos,Rogger,94 Oxford Drive,Matagbak,2,148,478551515,07/07/2016,ACLqd2,2,2,krogger8c
Aridatha,Trathan,688 Hoard Road,Winduraja,2,207,604800306,04/02/2017,w6ge9WKTF7oF,2,1,atrathan8d
Phillipp,Pengilly,0646 Anderson Lane,Del Pilar,2,57,448055001,18/11/2016,A4EFvqs,1,1,ppengilly8e
Bobine,Gillmor,59321 Talmadge Road,Patapan,2,230,660144735,20/12/2016,GsHMFYUnubQ,2,1,bgillmor8f
Philippe,Crepin,12 Sachtjen Park,Sibayo,1,225,545492047,11/01/2017,yTya75tHYt,2,1,pcrepin8g
Ardelle,Riddington,88 Farwell Pass,La Estancia,1,254,883063098,28/07/2016,e3nmhw1M,2,1,ariddington8h
Chastity,Skoggins,03 Norway Maple Pass,Montonggamang,2,294,518684930,24/04/2017,4W7cMiKXZsLR,1,2,cskoggins8i
Hobard,De Blasio,98 Waxwing Junction,Épernay,1,86,217704292,22/06/2016,tLdOT3BTC,2,2,hdeblasio8j
Rafaello,Marishenko,85451 Lakeland Road,Nioro,1,255,29005115,16/01/2017,qitfq1bmv4Q,1,2,rmarishenko8k
Daffie,Casebourne,5115 Meadow Valley Terrace,San Jose,1,30,472319348,12/07/2016,g4riVwC,1,2,dcasebourne8l
Shelley,Blevin,5817 Lerdahl Center,Götene,1,224,835858885,04/10/2016,FGVqNqgK,2,1,sblevin8m
Hallie,Slatter,1057 Oxford Alley,Vila Nova de Santo André,2,215,137198474,30/07/2016,ljY9L0qjfiGQ,2,1,hslatter8n
Josephine,Boreland,80 Rowland Circle,Kuvandyk,2,264,2216388,11/12/2016,z57YUThLma,1,1,jboreland8o
Leeann,Stayte,02218 Maryland Street,Skwierzyna,2,220,71218329,05/11/2016,wBVHnkWf,2,2,lstayte8p
Deonne,Buglar,25293 8th Hill,Khirbat Tīn Nūr,2,104,668804463,25/07/2016,DPaxpH,2,2,dbuglar8q
Jo,Meah,56 Buena Vista Crossing,Cereté,2,9,360987543,21/04/2017,dWncmE,2,2,jmeah8r
Marcellus,Gennings,077 Farragut Parkway,Xing’an,2,217,856355011,10/01/2017,9XlZhoFT,2,2,mgennings8s
Kelbee,Klaessen,1 Crownhardt Park,Ishigaki,2,248,321235111,24/05/2016,pZR0rPvLu6U,2,1,kklaessen8t
Breanne,Van Castele,7 Bluestem Way,Pasirhaur,1,146,523587369,26/03/2017,T1OJWUKlmAo,2,2,bvancastele8u
Frants,Culleton,837 Maple Center,Buri,2,180,169443380,03/03/2017,jwpj1k,1,1,fculleton8v
Kenon,Farquar,7431 Esker Way,Xilin,2,73,357546475,05/09/2016,KJ91KTh6w,2,2,kfarquar8w
Broderick,Puzey,03428 Mayfield Way,Gyōda,2,210,132159364,29/06/2016,r7Srhr5lk6s,1,2,bpuzey8x
Burgess,McQuilkin,41 Kedzie Parkway,Loyola,2,271,668315564,08/01/2017,vuTphcpU,2,2,bmcquilkin8y
Chalmers,Leggon,40297 Alpine Lane,Obudovac,1,32,333715230,15/04/2017,jeMAiC,1,2,cleggon8z
Tomaso,Rubinowitch,84 Forster Circle,Itapevi,2,214,764870520,08/05/2017,hcDabuGCYY,1,2,trubinowitch90
Erik,Arber,335 Loomis Drive,Hyltebruk,1,241,158866942,25/06/2016,O80KFs0h,2,1,earber91
Aland,Faraker,79078 Mandrake Park,Daping,1,181,320138342,21/11/2016,6DpMOKpGhIaA,1,1,afaraker92
Rosa,Berzen,10 Elmside Avenue,Letlhakeng,2,113,978546145,18/10/2016,nw5K2rM,2,1,rberzen93
Tersina,Doody,85 Stephen Road,Saint-Eustache,2,136,31894162,03/07/2016,p6sCR4D,1,2,tdoody94
Lynne,Mealham,01 Truax Point,Pabean,1,193,345157459,23/06/2016,IKrZs3EmaK,2,2,lmealham95
Griselda,Loche,6452 Havey Alley,Nankai,1,19,899082174,06/10/2016,0Xz6R87,1,1,gloche96
Blake,Draude,29 Chive Avenue,Desnogorsk,2,286,542796145,16/06/2016,mlAjTsIFv,2,2,bdraude97
Adelina,Currm,76407 Ronald Regan Park,Banyliv,2,139,865355048,13/08/2016,NxD0bOd,2,2,acurrm98
Aigneis,Osban,90 Transport Avenue,Marseille,1,96,71496864,08/04/2017,0mRVWF,2,2,aosban99
Genni,Haythorne,18 Jenifer Pass,Ostroměř,1,19,880272809,20/04/2017,s41HzDigPxt,1,2,ghaythorne9a
Hertha,Rodie,55658 Fallview Parkway,Dingyan,1,290,388575241,12/10/2016,drFCK5ogqAZ,1,1,hrodie9b
Benoit,Philipart,676 Superior Point,Santong,2,273,352585734,03/12/2016,hFnv88VH,1,1,bphilipart9c
Reena,Picott,9 Maywood Terrace,Mospyne,2,142,87167062,01/03/2017,jVldzXirvtw,2,1,rpicott9d
Mario,Doe,95 Kinsman Way,Moca,2,155,232773455,10/10/2016,q2w9Jq,1,2,mdoe9e
Estrellita,Francesc,7591 Magdeline Drive,Sölvesborg,2,297,142255909,19/12/2016,mfC0V8JDPqZ,2,1,efrancesc9f
Yevette,Trees,7419 Corben Crossing,Toledo,1,5,932363183,17/02/2017,Rd7two,1,1,ytrees9g
Barrie,Seargeant,1525 Shelley Hill,Paris 13,1,3,56092984,19/04/2017,P19dgho,1,1,bseargeant9h
Vanessa,Endacott,798 Chinook Trail,Brongkah,1,148,264450263,26/07/2016,j0h08w,2,2,vendacott9i
Janelle,Orme,04533 Vidon Circle,Depok,2,234,902045915,08/12/2016,SxQChL4,2,2,jorme9j
Jaymie,Withams,45113 Buell Point,Mikrókampos,1,180,884008610,17/11/2016,FM8XfZkUb,2,1,jwithams9k
Ruby,Waby,94 Moland Alley,Longju,2,224,262723065,04/10/2016,Pnt3uFl5FJlz,1,2,rwaby9l
Doloritas,Mallard,96 Eggendart Road,San Isidro,2,154,538915143,11/06/2016,LpOoT70vD7,1,1,dmallard9m
Sawyer,Gresch,6 Badeau Center,Flic en Flac,1,193,204489249,22/11/2016,3vkLkVP9wGm,2,1,sgresch9n
Tamarra,Bedford,9 Express Circle,Xinan,1,33,111589888,13/03/2017,l808lPyCp80,1,2,tbedford9o
Olvan,Dubose,105 Clemons Street,Pajapita,2,295,405545837,25/04/2017,mtjToQl,1,1,odubose9p
Fran,Charrisson,387 Continental Road,Põltsamaa,1,11,205913552,20/04/2017,tC4CEIBRnBB2,1,1,fcharrisson9q
Delainey,Loachhead,6786 Canary Place,Fuyo,1,133,559034005,23/10/2016,fOjAuBA3,2,1,dloachhead9r
Ginger,Canon,65111 Iowa Street,Buriram,1,162,545673781,29/04/2017,ekTUh3I6IiOa,2,1,gcanon9s
Tricia,Sivorn,487 Vidon Circle,Tarkwa,1,50,78540647,20/03/2017,rNWpNP,2,1,tsivorn9t
Fulton,Caulfield,6 Graceland Pass,Huambo,1,48,623840614,26/01/2017,WTeHsw8hs,1,1,fcaulfield9u
Lettie,Stachini,9399 Farragut Hill,Postmasburg,2,294,126006637,24/04/2017,DhMqdFV8FN,1,1,lstachini9v
Cordula,Leggon,040 Barby Trail,Pangrumasan,2,68,769419831,07/08/2016,gfgN07VX0,1,1,cleggon9w
Liane,Bushrod,7 Sundown Way,Mežica,1,58,966208594,01/09/2016,kuD7H76vkxg,2,2,lbushrod9x
Nannie,Frend,157 Manufacturers Point,Quinta do Sobrado,2,56,716360150,28/06/2016,9tANcJT1VB,1,1,nfrend9y
Kaitlyn,Hrycek,72 Mendota Trail,Berlin,1,211,483744210,03/06/2016,zrXDdicoSXG,1,2,khrycek9z
Dyna,Garey,78933 Golf View Court,Banjar Banyualit,1,144,244604204,23/07/2016,A5c0JX3,1,2,dgareya0
Rina,Joincey,86083 Bayside Place,Pushkino,2,232,271714775,10/08/2016,JK0kwN2,1,1,rjoinceya1
Marena,Davidovitz,68478 Petterle Drive,Anan,1,24,220857126,02/08/2016,nwHqIMYOOa,2,1,mdavidovitza2
Bernelle,Breem,5 Merrick Pass,Kelowna,2,237,846480872,01/05/2017,GZTHOxLs6fca,1,2,bbreema3
Jackqueline,Joplin,5 Stang Alley,Ziketan,1,293,227283309,22/06/2016,VdJVZZ9INrZU,2,2,jjoplina4
Salim,Bowley,3 Mifflin Circle,Shkodër,1,273,217428573,05/01/2017,cyp7yl3kxCo,2,2,sbowleya5
Dot,Maultby,2 Golf Course Crossing,Nesterov,2,162,131851454,17/04/2017,fN9UluoEg94,2,2,dmaultbya6
Peadar,Fairholme,855 South Drive,Nyandoma,2,282,949687124,07/02/2017,eWAz8h,1,1,pfairholmea7
Feliza,Hutchens,52762 Weeping Birch Drive,Margahayukencana,2,105,948780161,25/04/2017,ZRKnSNyM,1,2,fhutchensa8
Corbett,Dawber,94615 Algoma Avenue,Ochojno,1,59,539586186,28/03/2017,2yYEwh8Yw1,2,2,cdawbera9
Karl,Wraighte,1 Namekagon Hill,Al Mughayyir,1,121,412404690,29/03/2017,Nen7zu,2,1,kwraighteaa
Ailis,McGucken,3 Ridgeview Point,Kristianstad,2,267,506040268,10/01/2017,9L5OSmZ07,2,1,amcguckenab
Bartie,Kloster,88 Fordem Parkway,Jiru,1,102,951314563,06/04/2017,iQLhyo1H99Lw,1,1,bklosterac
Cacilia,Resun,34 Westend Trail,Ghauspur,2,106,697290386,31/08/2016,e82efFM5mb,2,2,cresunad
Aldin,Emett,262 International Road,Yezhi,2,300,765023348,15/06/2016,PwgNyv,1,1,aemettae
Anallese,Deluca,6 Truax Plaza,Naifalo,2,102,922135509,12/09/2016,CW3g3FPW,1,1,adelucaaf
Farlay,McTeer,3218 Clarendon Parkway,Payapa,2,181,11821379,17/06/2016,FL8kYW,2,2,fmcteerag
Lexy,Matejic,212 Debs Hill,Libacao,2,117,473403029,17/04/2017,j88rkE440Q,1,1,lmatejicah
Kaylee,Hext,3 Jenna Place,Oslo,1,35,157466620,20/10/2016,WMn8gku,2,2,khextai
Fey,Rosita,62355 Bonner Alley,Fuxing,2,19,242537803,19/05/2016,lhcY4Mrpl,1,1,frositaaj
Klara,Comini,465 Doe Crossing Trail,Higuerote,1,67,926877852,26/06/2016,Z3nNoBY,2,1,kcominiak
Clementine,McMichael,0 Fuller Park,Shymkent,1,257,30105812,23/09/2016,kSYcE0GhwZj,2,1,cmcmichaelal
Wolf,Adger,8 Portage Hill,Garbolovo,2,191,972434014,30/12/2016,bUavZ62adD,1,1,wadgeram
Anitra,Glendinning,87751 7th Court,Lanci Satu,1,153,389983018,05/07/2016,n40EnRZ,2,1,aglendinningan
Celinda,Djordjevic,0474 Commercial Plaza,Lintaca,1,297,509748506,10/09/2016,wIa5z3E5,2,2,cdjordjevicao
Conrad,Crallan,695 Merry Park,Huimin,1,288,959413331,31/10/2016,WquPtArT08,1,1,ccrallanap
Lorie,Singleton,60490 Sommers Drive,Santiago dos Velhos,1,211,597396868,10/11/2016,lAESJV,2,2,lsingletonaq
Cordelie,Wannop,182 Crescent Oaks Plaza,Kedungbanteng Krajan,1,268,782909345,15/06/2016,lsx61uTKmL5,2,2,cwannopar
Phillipe,Jaqueminet,0 Sunfield Avenue,Palmar de Varela,2,268,620260601,09/06/2016,590XUx9SW,1,1,pjaqueminetas
Brook,Skippings,61 Miller Drive,Penedo,2,169,539337297,17/08/2016,RtFOXvdE0BCE,1,1,bskippingsat
Lydon,Barensky,79 Boyd Road,Frankfurt am Main,1,114,319588130,20/07/2016,rVh9PGv5Bw,1,1,lbarenskyau
Sid,Tindle,661 Katie Trail,Železný Brod,1,188,777243218,09/01/2017,MnVCwof,2,2,stindleav
Sherline,Pischoff,83135 Troy Way,Tostado,2,90,407112947,27/02/2017,qdHh5LJ8t,2,1,spischoffaw
Roma,McClory,97621 Maryland Hill,Kukushtan,2,255,286478944,24/07/2016,jJHcSUJ4C4,1,2,rmccloryax
Melli,Lund,715 Mcbride Alley,Bherāmāra,1,189,378324144,08/04/2017,MW5ay0j5e,1,2,mlunday
Kippie,Vinter,16 Jackson Alley,Verkhovyna,1,176,479805044,04/08/2016,HwqpbJtv,1,2,kvinteraz
Pryce,Seabert,396 Forest Dale Parkway,Nikolayevsk,1,58,966037536,09/10/2016,mNXnC3RMfM,2,2,pseabertb0
Vivianne,Bezley,768 Haas Pass,Apuri,1,42,416967720,19/02/2017,flS92n2gvHA,2,2,vbezleyb1
Carlyn,Wanek,89 Rockefeller Court,Paloh,1,225,405139205,26/03/2017,feVxuIu,1,1,cwanekb2
Ricki,Josey,2 Westport Avenue,Petrópolis,1,14,105714328,10/07/2016,DtUOPyJlGFnu,1,1,rjoseyb3
Reggie,Ravenscroftt,6764 Myrtle Avenue,Yubileynyy,1,67,913920284,11/05/2017,HhnmU95,1,1,rravenscrofttb4
Boycey,Buchan,472 Russell Drive,Şabāḩ as Sālim,1,238,37207700,10/02/2017,VCY35OU4lq,1,2,bbuchanb5
Thorstein,Bilt,426 Sage Place,Jönköping,1,250,550149707,19/07/2016,GDy6CRHaaZ,2,1,tbiltb6
Killian,Evreux,98 Steensland Place,Sukaraja,2,196,664467858,05/05/2017,T739dx9iVYH,1,1,kevreuxb7
Darryl,Bridie,0377 Northwestern Lane,Zhaolingpu,1,10,293616407,19/07/2016,xGpUqDlvqk9x,1,1,dbridieb8
Jourdan,Joannet,763 Lotheville Crossing,Calvos,1,289,665910462,15/02/2017,KB4KJHEJ71,2,2,jjoannetb9
Ignacius,Pepon,25 Kings Crossing,Talhār,1,204,327848107,10/03/2017,doKxslc,1,1,ipeponba
Carr,Macconaghy,84317 Northview Park,Kyurdarmir,1,296,436698675,03/08/2016,TGQFpwb,2,1,cmacconaghybb
Alisun,Madden,91422 Village Way,Xilian,2,280,573807934,18/09/2016,o6JWmLf,2,2,amaddenbc
Maure,Hackelton,6 Tennessee Point,Fabianki,1,92,619898939,08/05/2017,nVbzCE,2,1,mhackeltonbd
Rhodia,Bartot,2957 Independence Junction,Ban Muang,2,41,749760037,01/07/2016,3ui9fmLPCCy,1,2,rbartotbe
Jermaine,Casse,443 Sycamore Crossing,Suntar,1,217,333287168,08/05/2017,AG1Fzy,1,2,jcassebf
Gillian,Broadwood,5819 Bunting Avenue,Chengbei,1,137,832744936,26/01/2017,VGeL0byeQ,1,1,gbroadwoodbg
Ashby,Heeps,92 Brickson Park Crossing,Vokhaïkó,1,133,535919364,13/12/2016,7l48y23kntpu,1,2,aheepsbh
Vicky,Whitelock,975 Del Mar Junction,Słońsk,1,292,357328230,25/05/2016,8iWgqEty7tE,2,1,vwhitelockbi
Norah,Midghall,9 Mesta Alley,Conchopata,2,154,219525911,20/04/2017,7y4G3hC7sygQ,1,1,nmidghallbj
Paige,Clarricoates,766 Glacier Hill Alley,Mirandela,1,23,316509167,15/08/2016,KTb9FqkX,2,1,pclarricoatesbk
Andris,Brockhouse,70 Oriole Park,Frederico Westphalen,2,232,561287934,18/05/2016,MqxPvk4Q,1,2,abrockhousebl
Jehanna,Stefi,80 Carpenter Drive,Huangsha,1,280,869700127,22/01/2017,B9o8Y6,1,2,jstefibm
Dalt,Waszczyk,50643 Basil Lane,Sindangsari,1,279,183974531,02/08/2016,7GYufJDdeFk3,2,2,dwaszczykbn
Egbert,Wyrill,90 Schlimgen Junction,Bello,1,214,799274426,19/06/2016,Vo11ylB,2,1,ewyrillbo
Brigitte,Trayhorn,118 Nelson Lane,Siwalan,1,267,625493837,07/05/2017,1MfdXDi9h,1,2,btrayhornbp
Claresta,Cotgrove,50386 Brown Pass,Cergy-Pontoise,1,234,137908106,05/09/2016,SlRXeTrU,1,2,ccotgrovebq
Cornelius,Twiggs,2467 Johnson Plaza,Malaba,2,82,137522395,17/06/2016,NSZMJzUbH6L,2,2,ctwiggsbr
Pete,Singyard,03164 Sycamore Alley,Marseille,1,238,937159768,11/08/2016,4Ej5uH,1,2,psingyardbs
Doti,Maiden,05294 Cordelia Parkway,Divichibazar,1,7,104306588,01/12/2016,pKKurnjb5,2,2,dmaidenbt
Stacy,Jouaneton,27 Bonner Way,Tournan-en-Brie,2,250,886376929,21/12/2016,I57iOk,2,1,sjouanetonbu
Joelly,Riach,658 Golden Leaf Trail,Stockholm,1,250,595847023,03/10/2016,EKx022,1,1,jriachbv
Emmey,Reinisch,2716 South Center,San Miguel Dueñas,1,254,651344288,22/02/2017,kQXpk8PVF,1,2,ereinischbw
Alane,O'Giany,87 Sutherland Pass,Kiangan,2,99,507112798,21/01/2017,K4jnDX4np3iV,2,1,aogianybx
Tania,de Clerq,8224 La Follette Circle,Zaječar,2,125,439048631,07/07/2016,eRgQgQDv6,2,2,tdeclerqby
Dorian,Igoe,8 Lerdahl Trail,Oklahoma City,1,293,161712632,02/08/2016,oA2dKocHc,1,1,digoebz
Becky,Brewer,7 Trailsway Terrace,Troyes,1,131,689942117,04/03/2017,B79zLqCAX2U,1,1,bbrewerc0
Roseann,Ipsly,693 Algoma Junction,Poço Verde,2,138,13215290,23/05/2016,txhhGq7,2,1,ripslyc1
Moises,Oldknow,78 Gulseth Lane,Semikarakorsk,2,128,757668866,31/08/2016,6W2oqA,2,2,moldknowc2
Bond,Pohlak,78 Algoma Lane,Bąków,2,254,736845110,26/11/2016,41msnubCHzDW,1,2,bpohlakc3
Melania,Beazleigh,1 Ridge Oak Circle,Bayang,2,273,141682720,28/02/2017,Bmhy1SFF,1,2,mbeazleighc4
Egbert,McFadin,04991 Ryan Circle,Velas,1,259,238560,20/11/2016,6jY8PgN4y6H,2,1,emcfadinc5
Glenn,Hellcat,5602 Hagan Circle,Skutskär,1,238,346923725,29/10/2016,YzRAnG7USB,1,2,ghellcatc6
Yard,Gilhouley,9 Marcy Road,Vacoas,1,278,841821506,23/02/2017,qlDQN6pkHSyk,2,2,ygilhouleyc7
Merrill,Robardley,5 Dovetail Lane,Bugojno,1,42,387560602,15/06/2016,wGe284,1,1,mrobardleyc8
Nicoli,Dumbrill,060 Southridge Drive,Itajubá,1,180,991062511,01/12/2016,WdWnHDPqmf,2,2,ndumbrillc9
Bryanty,Sutherington,8 Claremont Terrace,Baytīn,1,189,382979450,01/11/2016,kRNlahc,2,1,bsutheringtonca
Isadore,Allbrook,734 Annamark Terrace,Áyios Nikólaos,2,180,185328410,19/04/2017,6YX4DT,2,1,iallbrookcb
Pietro,Hue,322 Maple Wood Road,Xinhua,1,210,879969721,08/07/2016,gk81pO40Nc,2,2,phuecc
Jermaine,Bails,33958 Green Ridge Alley,Summerside,2,216,767589586,03/12/2016,uotUQL,2,1,jbailscd
Nicoline,Eayres,647 Nova Crossing,Sindanghayu,1,33,547000383,15/02/2017,vGfCgpr,1,1,neayresce
Allistir,Cambden,2288 Rigney Terrace,Lazaro Cardenas,2,248,378222540,06/07/2016,3X9OQlkJn,2,2,acambdencf
Wendeline,Bowskill,404 Artisan Crossing,Padaran,2,154,180551109,22/09/2016,HmtxPJ,2,2,wbowskillcg
Chickie,Oran,516 Bowman Crossing,Loudun,1,215,600116003,02/06/2016,KLfjgVrg,2,2,coranch
Margarethe,Hallums,3894 Clemons Avenue,Ozubulu,1,31,701342779,01/04/2017,O0gxLk37,1,2,mhallumsci
Jerrilyn,Chelley,335 Pine View Terrace,Kaliuling,1,128,708636202,15/04/2017,CI8WLfhm,2,1,jchelleycj
Chaddie,Deniset,42 Main Plaza,Pancan,2,79,494665062,26/02/2017,LOQzvzTJT,2,1,cdenisetck
Rufe,Abrahamian,664 8th Point,Madura,1,165,412043670,14/10/2016,oDJyYBP26M,1,2,rabrahamiancl
Winni,Fallens,211 La Follette Crossing,Buchach,2,66,283664736,24/07/2016,AOy7TM7E,2,2,wfallenscm
Morgana,Schohier,906 Toban Parkway,Marhanets’,2,213,272977793,25/03/2017,Ud7grT1SqA,1,1,mschohiercn
Chantalle,Gilhooley,7 Michigan Drive,Duboka,1,152,145483559,05/01/2017,esciX3rq,2,1,cgilhooleyco
Torey,Rushby,87347 Independence Plaza,Saint-Maurice,1,39,631441539,15/06/2016,lsAzaQwn,2,2,trushbycp
Skip,Mayte,75 Becker Street,Sơn Hà,2,220,772436841,29/12/2016,FaiBcw2XZ,1,2,smaytecq
Carver,Fawley,3650 Canary Street,Bowen Island,2,263,158288671,07/06/2016,76TWkI0E0l,2,2,cfawleycr
Konstantin,Attwooll,11041 Homewood Circle,Kaseda-shirakame,2,241,4922208,10/04/2017,MBOX3qX,1,2,kattwoollcs
Gaby,Peeter,6 Crest Line Center,Vrilissia,2,73,906512354,10/10/2016,vKhPLW1dA,1,1,gpeeterct
Silvester,Higgonet,018 Pond Parkway,Cashel,2,53,682730005,15/10/2016,iuVfTDUU,1,1,shiggonetcu
Kaycee,Kabisch,2705 Havey Place,Setono,1,114,919871758,18/02/2017,f5qSI6I,1,1,kkabischcv
Tierney,Brigstock,30688 Arrowood Place,Edéa,2,136,572717409,02/01/2017,mrInQh35l,1,1,tbrigstockcw
Carleen,Shatliff,455 Forest Run Road,Karangmulyo,1,73,737062754,10/05/2017,RWOpVlTEEcu,1,1,cshatliffcx
Joellyn,Treat,7 Parkside Road,Tutnae,2,137,986720750,08/03/2017,O5MIuHU54pw,2,1,jtreatcy
Abbye,Godfrey,353 Eastwood Parkway,Samut Songkhram,1,85,662094613,07/12/2016,Ld013k5N7w,2,2,agodfreycz
Jamal,Eccleshare,030 Mesta Parkway,Chitral,2,9,934516279,21/05/2016,RvB6kDNv,2,2,jeccleshared0
Clemmy,Ruberry,24 Pepper Wood Center,Rancabugel,1,215,369139609,20/05/2016,9gEkFSh,2,1,cruberryd1
Lazar,Wheatland,9837 Mallory Way,Quinta da Courela,2,51,820421917,30/11/2016,RSoN5c,1,1,lwheatlandd2
Faydra,Barry,7 Lukken Park,Cangchang,1,206,896988725,22/02/2017,LnGvC5,1,1,fbarryd3
Case,MacCarter,41 Pleasure Street,Puszczykowo,2,63,12376125,30/04/2017,fO5PpyFn,2,1,cmaccarterd4
Dom,Pavlov,83439 Blue Bill Park Circle,Manzanares,1,57,261799137,28/01/2017,DnAoVJJ0bq,2,1,dpavlovd5
Rollins,Leger,8354 Anhalt Circle,General San Martín,1,208,915967565,09/06/2016,XhYkdKbvwy2,2,1,rlegerd6
Alard,Kubasiewicz,54 Oak Valley Terrace,Knoxville,2,127,534165511,18/04/2017,iXQij0he0AP,1,2,akubasiewiczd7
Theo,Meagher,3523 Jenna Lane,Vazhiny,2,130,912290589,10/05/2017,8kMro5x,1,2,tmeagherd8
Tedra,Zieme,91 Debra Way,Moissy-Cramayel,1,296,885941695,18/12/2016,paAiN2,1,2,tziemed9
Monty,Torri,622 Becker Place,Opol,1,51,254984803,07/08/2016,Z5WIPB,2,1,mtorrida
Fabien,Mathison,9 West Circle,Pavshino,1,16,858497687,28/10/2016,olwDP0PVGOy,2,2,fmathisondb
Hans,Merigot,6680 Twin Pines Court,Savitaipale,1,138,968318782,20/07/2016,wbSwFf9kTI,2,1,hmerigotdc
Lanie,Godbolt,070 Shoshone Crossing,Vacov,1,85,292741940,26/01/2017,wZKJraWHtXm,1,2,lgodboltdd
Dorris,Kares,4 Vermont Crossing,Kálymnos,1,245,964449766,18/01/2017,V3VvOC,2,2,dkaresde
Genna,Ramelet,0682 Hollow Ridge Crossing,Palos,1,101,12249033,22/01/2017,2XNCqNfS2C,1,2,grameletdf
Leland,Isakson,5 Gerald Hill,Tarusa,2,226,60313894,26/05/2016,kvtbSh,2,1,lisaksondg
Agneta,Gribbin,3 Springs Drive,Kungsbacka,2,134,475211140,28/11/2016,jyiizNQKvpK,2,2,agribbindh
Christoffer,Lidgate,516 Lien Park,Camlachie,2,252,781517984,17/09/2016,8kLmQ9qm,1,1,clidgatedi
Cesya,Pentony,08336 Stuart Trail,Kíti,1,181,632048287,29/01/2017,ZUSnAj1r,1,1,cpentonydj
Dolorita,Bourton,1449 Green Hill,Ţāmiyah,2,272,67364103,17/04/2017,HcXZsOO,2,2,dbourtondk
Wanids,Galvin,095 Delaware Circle,Limín Khersonísou,1,168,845487196,29/07/2016,TXdFVroTEQ,1,1,wgalvindl
Gannie,Pendre,93520 Village Road,Reims,2,202,43235686,16/05/2017,14ONkViJIFw,1,1,gpendredm
Ruthanne,Moore,32 Mcguire Trail,Sérifos,1,269,653397398,03/04/2017,XWwh3Ddm7,1,1,rmooredn
Maurice,Carlson,53378 Briar Crest Alley,Áno Kastrítsion,2,275,811163412,26/11/2016,jbKtXfpwjx9,2,2,mcarlsondo
Roderic,Henriet,36723 Glacier Hill Park,Changqiao,1,82,97890243,29/03/2017,cEAJb2IJp,1,1,rhenrietdp
Evonne,Colquite,17741 Scofield Parkway,Ranambeling,1,228,651460326,19/09/2016,PGGdDixVRb,1,1,ecolquitedq
Blythe,Crowest,7016 Del Sol Park,Moreno,1,281,545006006,23/01/2017,sXOYJyj,1,1,bcrowestdr
Clarey,Birkinshaw,7 Westridge Park,Trieste,1,73,736699050,11/05/2017,WD475HrNWdG5,2,2,cbirkinshawds
Elijah,Brock,04760 Barnett Pass,Eckerö,1,148,988261502,16/10/2016,zsL8YD,2,1,ebrockdt
Hayyim,Brideau,9 Jackson Plaza,Kabala,2,138,333268642,06/01/2017,dFC2hamT5E,1,2,hbrideaudu
Miguelita,De Miranda,90265 Glacier Hill Alley,Ecroignard,2,49,575152846,17/06/2016,5kMqEq2XG,1,2,mdemirandadv
Page,Spurritt,996 Eliot Avenue,João Pessoa,2,156,584440086,16/01/2017,na6713f,2,1,pspurrittdw
Dalston,Evelyn,7721 Upham Trail,Ar Rifā‘,1,211,326954452,10/11/2016,055EzipBPz,2,1,develyndx
Harold,Venning,87 Trailsway Terrace,Pesnica pri Mariboru,1,70,220356437,09/01/2017,UzLcRgNw,2,1,hvenningdy
Natalee,Aylmore,8207 Village Green Alley,Daweishan,2,165,151800937,11/08/2016,wmkZKx7,2,1,naylmoredz
Cassondra,Beloe,2 Sutteridge Road,Krutaya Gorka,2,180,419180827,26/11/2016,kF1uBdj6wG,2,2,cbeloee0
Wolfy,Ollier,5 Grim Way,Rakaia,2,165,931866448,25/01/2017,T3Xrw73,2,1,wolliere1
Bess,Mansuer,8179 Rowland Court,Crateús,1,184,841103862,12/03/2017,Lo1d5r5TcZQ,2,1,bmansuere2
Gale,Luckin,42464 Straubel Way,Krasnopillya,2,217,467807230,15/12/2016,jau63vNgQcoY,2,2,gluckine3
Ruth,Dannett,04664 Fisk Trail,Lagoa,2,119,555818197,28/03/2017,Vc4MBhX,2,2,rdannette4
Maighdiln,Rookwell,8707 International Parkway,Longhua,2,44,153855258,27/01/2017,AvTHWja,2,2,mrookwelle5
Beau,Emberton,4 High Crossing Terrace,Rungis,1,253,309532861,20/07/2016,3p9FLDtM2vf,1,2,bembertone6
Berkly,Iacobetto,2 Lillian Way,Poputnaya,2,176,466062072,18/10/2016,bSL3jhIHboWY,2,2,biacobettoe7
Alecia,Margaritelli,02318 Esker Drive,Chadian,2,25,31447842,03/12/2016,2Gtdc4r,2,1,amargaritellie8
Ellynn,Gian,0 Tomscot Hill,Isfana,2,107,535142408,02/07/2016,nKA1amX,2,1,egiane9
Rufe,Mackney,9416 Jenna Trail,Ismailia,1,2,495343638,18/01/2017,E9svDmVDD,1,2,rmackneyea
Irwin,Primarolo,57579 Shelley Street,Monte Novo,1,35,549360259,28/10/2016,wMP3FRZd,2,2,iprimaroloeb
Phip,Tebboth,10 Hoepker Point,Mojokerto,1,182,109964533,15/05/2017,vdhac7xlV,2,1,ptebbothec
Gorden,Verdie,66544 Northland Crossing,Tílisos,1,44,155460666,05/09/2016,fIuVTzo,2,2,gverdieed
Carma,Ham,78235 Bluejay Terrace,Šabac,1,80,262851344,11/09/2016,ZP6n9KbfZh,2,2,chamee
Ignaz,Myner,77 Waywood Crossing,Cikaludan,2,63,390465407,18/11/2016,a0EqgVPjYcD4,1,1,imyneref
Teodoor,Vassman,644 Eagan Street,Jakhaly,1,6,152008474,02/09/2016,8d4QCi95,1,1,tvassmaneg
Glenna,Najera,040 Hermina Pass,Changqing,2,64,622386113,24/08/2016,a3N0na2K,1,1,gnajeraeh
Carry,Newark,73 Charing Cross Trail,Le Mans,1,102,703997658,30/07/2016,YbCCo1,1,2,cnewarkei
Liesa,Lawlance,81 Thompson Road,Capacmarca,1,86,986576318,24/05/2016,0L2SNax,1,2,llawlanceej
Dorothee,Bocking,75012 Towne Place,Mólos,2,286,717733286,23/02/2017,CQt8YpXn,2,1,dbockingek
Kacey,Hammon,5843 Mosinee Street,Höganäs,1,112,718895212,20/01/2017,ojd85yi9u4r,1,1,khammonel
Toddy,Lapping,975 Browning Street,Yoiqag,1,127,485796979,16/01/2017,WoFdwNQY5INw,1,1,tlappingem
Jeanine,Moizer,949 Kings Plaza,Shagedu,2,158,744074128,16/04/2017,d5AloAelYG,1,1,jmoizeren
Aurel,Palatino,01 Sunbrook Avenue,Rubik,2,29,992152492,14/06/2016,vcfRcz,2,2,apalatinoeo
Homer,Cotterill,11490 Annamark Park,Charlemagne,2,283,901794096,08/05/2017,Me8tAgABm4,2,2,hcotterillep
Ab,Vayro,9 Eagle Crest Court,Toulouse,1,284,918116815,01/02/2017,di8CeRIa09O,2,2,avayroeq
Caroljean,Rapo,1214 8th Court,Comandante Fontana,2,197,118618742,05/03/2017,zc94USY,1,1,crapoer
Vanda,Chevins,3 Ruskin Park,Hangwula,2,125,947475470,19/01/2017,62Lh7ujmQ,2,2,vchevinses
Elliott,Lyne,6 Mockingbird Way,Štore,2,236,997839236,21/06/2016,NvJPU2y,1,1,elyneet
Ichabod,O'Rowane,53 Schlimgen Court,Stare Miasto,1,229,189306321,18/01/2017,mUcc7W,1,1,iorowaneeu
Nealon,Alessandrelli,794 Columbus Park,Duncan Town,2,57,135739421,16/03/2017,Avz8JkUYWz,2,1,nalessandrelliev
Sib,Howarth,36058 Donald Park,Kalmar,2,169,232860053,10/09/2016,zzyDFgOBxbUf,1,2,showarthew
Philbert,Antonacci,50175 Hanson Drive,Mbandaka,2,28,848038841,24/03/2017,ZLrGU3D,1,2,pantonacciex
Darelle,Varden,5005 Hoard Park,La Esperanza,2,272,782731759,29/11/2016,76L6pnuoLB8,2,2,dvardeney
Matty,Greenmon,8 Kenwood Center,Dikirnis,2,163,735253041,28/07/2016,aeiNWQo8Bm6o,2,2,mgreenmonez
Deerdre,Drayton,204 Corry Court,Lubuk Sikaping,1,147,233832283,01/11/2016,UXV9zgfAsYOj,1,1,ddraytonf0
Licha,Steeden,14 Golf View Pass,Saint Pierre,2,183,333141772,14/09/2016,2ER48mUvwp,2,2,lsteedenf1
Channa,Jewise,81267 Surrey Lane,Hobonio,2,167,527836860,05/12/2016,tlumEPOEM,1,2,cjewisef2
Boigie,Spenceley,91 Jenifer Hill,Idi Rayeuk,2,1,861909308,03/01/2017,4IX3fX9za,2,1,bspenceleyf3
Gerta,Cato,0 Clarendon Hill,Sorong,2,213,962982298,29/09/2016,DHjkcQ9KwvmU,1,1,gcatof4
Nicola,Petchell,61 Rutledge Crossing,Tingping,1,42,828249888,31/01/2017,5TiCAtP,2,2,npetchellf5
Drud,Lionel,5704 Dahle Road,Basqal,2,60,435234680,21/04/2017,115nbo,1,2,dlionelf6
Letta,Jewis,23237 Maywood Circle,Gaoliang,2,47,40165996,03/10/2016,3URVddOcj,1,1,ljewisf7
Ruperto,Oris,66158 Nobel Road,Barranco de Loba,1,127,501811603,10/09/2016,4x9lXAmW0,1,2,rorisf8
Kimbell,Lainton,69995 Clove Hill,Bunirasa,1,137,134223850,04/06/2016,yJHMhYnQ5,1,2,klaintonf9
Fulvia,Raithby,19 Bashford Street,Kosów Lacki,1,39,347585175,28/10/2016,34t0CWxY5z,2,1,fraithbyfa
Selia,Legat,0047 Steensland Plaza,Marseille,1,123,460544414,26/02/2017,i5VsT7Z,1,1,slegatfb
Lee,Philippou,6280 Tennessee Crossing,Oeba,1,233,250058968,14/01/2017,8hJpEb,2,2,lphilippoufc
Wayland,Karpol,11 Dawn Hill,Jiujianfang,2,215,562044227,14/05/2017,Hymr3tWVXY,1,1,wkarpolfd
Dalton,Owbrick,7944 Helena Point,Nafada,2,224,645553052,07/03/2017,Z9PgfgR1f,1,2,dowbrickfe
Denyse,Drowsfield,15572 Harper Place,Tepusteca,1,171,198295074,16/10/2016,qlNftry,2,1,ddrowsfieldff
Eugenia,Ryce,5230 Haas Circle,Alhos Vedros,1,39,364784973,07/11/2016,SS3F3F,2,1,erycefg
Normie,Yakubovics,4 Thierer Hill,Hakha,1,222,561103094,06/09/2016,4mBif1GW0,2,1,nyakubovicsfh
Shandee,Gibbonson,283 Manufacturers Court,Langchuan,1,9,728887032,25/12/2016,iN9MfcWSM,1,2,sgibbonsonfi
Fraze,Woolerton,27 Swallow Plaza,Varpaisjärvi,2,172,683096218,08/05/2017,hQXzw2,2,2,fwoolertonfj
Maddi,Baress,4 Corscot Crossing,Wañgan,1,227,519338629,15/10/2016,5SnKWvGlkJ,1,1,mbaressfk
Roslyn,Bosher,94 Dahle Drive,Nong Khai,1,209,1078535,02/06/2016,I494J1s,1,1,rbosherfl
Merna,Gisby,80 Londonderry Pass,Pajannangger,1,3,203170919,05/05/2017,5fPMfMr1TQj,1,1,mgisbyfm
Bealle,Tooke,949 Tennessee Way,Witbank,2,287,219242820,25/07/2016,tXzmfQYI,1,1,btookefn
Rivy,Vamplers,92095 Pond Terrace,Tonglin,1,158,870664784,05/02/2017,SG9Rwl0k7VC,2,2,rvamplersfo
Mannie,Dureden,600 West Center,Macatuba,2,139,744453940,29/11/2016,zv7XC4,2,2,mduredenfp
Gleda,Josofovitz,3 Loeprich Place,Kayar,1,194,460262335,17/01/2017,l80xYFwkNUf9,2,1,gjosofovitzfq
Claiborn,Beale,832 Rusk Trail,Labuan,2,84,953927140,26/10/2016,jLFhfVd,1,2,cbealefr
Kevina,Pendrey,4139 Independence Hill,Cikeusal,1,69,909160102,20/04/2017,bgYzoTY2CT,2,1,kpendreyfs
Rudolph,Dursley,32 Stephen Avenue,Västerhaninge,2,70,57024588,07/09/2016,nHvZkgMX7K,1,1,rdursleyft
Margalo,Breazeall,13 Glendale Street,Allen,2,9,260668373,24/04/2017,s2RJ5kiL,2,2,mbreazeallfu
Antonie,Lympenie,85 Hanover Circle,Tangga,2,79,274334374,29/04/2017,lJ4Xxnez,2,2,alympeniefv
Koren,Kent,67 Birchwood Road,Lepoglava,1,240,432340510,11/07/2016,p3bfEBgoX,2,2,kkentfw
Jonie,Graalman,3 3rd Drive,Seren Barat,1,212,226599624,18/04/2017,kjeU3aSiXcBz,2,1,jgraalmanfx
Launce,McDougle,1374 Garrison Point,Cabeça Gorda,2,18,857452948,15/03/2017,zKiU06rvHF4,2,1,lmcdouglefy
Bartholomeus,Accombe,87 Di Loreto Junction,Wulong,2,35,764838845,17/12/2016,er9uvZ6,2,1,baccombefz
Jarrid,Benyan,225 Washington Plaza,Pasvalys,1,168,483633397,22/09/2016,cqYAf3oGkV,1,1,jbenyang0
Lewie,Flea,54 Bultman Terrace,Ogden,1,238,652721519,09/12/2016,PGdCNNyi,2,2,lfleag1
Wayne,Farady,717 Crowley Plaza,Gyeongsan-si,1,259,533126439,27/03/2017,w2Gm9KMT,2,1,wfaradyg2
Georgy,Tuftin,9770 Ilene Drive,Bacag,1,246,620358592,27/09/2016,a0i6j0oIadZu,1,2,gtufting3
Phyllis,Plume,9405 Corben Hill,Kaiapoi,1,202,722878751,23/10/2016,0Fh0MIK,1,1,pplumeg4
Harlen,Tearney,77444 Bluestem Place,Chuantang,1,166,362740912,24/03/2017,FLaTNaqD4,1,2,htearneyg5
Udell,Gherarducci,790 Brickson Park Parkway,Chat Trakan,2,161,181815395,28/03/2017,ngvkEOZc39,1,1,ugherarduccig6
Emlynne,Leaman,5793 Banding Circle,Ojiya,2,14,221941318,13/04/2017,FIltcu2XQ,1,2,eleamang7
Etan,Emmens,7657 Old Gate Drive,Lagoa,2,48,960474275,25/12/2016,DkSB1AHdrOc,1,2,eemmensg8
Vitoria,Klewi,6933 Loeprich Circle,Lam Plai Mat,1,103,1481274,12/06/2016,bjNiF8O4,1,2,vklewig9
Pascale,Wenden,6 Dwight Trail,Sacramento,1,173,573914207,11/01/2017,1CFvx1r1u,1,2,pwendenga
Emmalee,Sellen,37 Paget Junction,Cácota,2,182,1759100,13/06/2016,CDh4FHDi,2,2,esellengb
Malorie,Millgate,03252 Brickson Park Road,Sidomekar,1,284,641772828,21/12/2016,wQ87tHY,1,2,mmillgategc
Brody,Flemming,83 5th Parkway,Jiuzihe,2,204,634642777,02/05/2017,uA1pMkF,1,2,bflemminggd
Talyah,Fochs,92031 School Terrace,Kislovodsk,2,124,111312440,23/03/2017,5waYOdTWHf8D,2,1,tfochsge
Cullan,Rafferty,62 Helena Center,Tarikolot,1,281,538141970,20/06/2016,swQYJEbY,1,1,craffertygf
Althea,Zanetti,3152 Fieldstone Plaza,Jacareí,1,149,671173575,30/09/2016,wHeEJSGat,1,1,azanettigg
Arnoldo,Mulliner,0 Prairieview Place,Saint Paul,2,261,222442317,11/04/2017,LV4g8rbz0WB,1,1,amullinergh
Orly,Twinborne,06360 Sundown Trail,Psachná,2,24,912719528,23/09/2016,5tzxij,2,1,otwinbornegi
Ray,Janecki,44 Pennsylvania Parkway,Lugo,2,191,875090104,10/11/2016,L11PRq,1,2,rjaneckigj
Gram,Farres,624 Stephen Center,Hats’avan,2,291,12378615,05/07/2016,WabkXWq,2,2,gfarresgk
Gustavus,Towne,6 Village Green Point,Chatuchak,2,199,989234529,21/06/2016,JZtS4HpqM,1,1,gtownegl
Tedmund,Secretan,231 Katie Avenue,Kamenskiy,2,207,20670794,06/02/2017,I3DkLmg7uz5,2,2,tsecretangm
Molly,Heugh,5999 Carpenter Crossing,Santa Rita,2,23,237274672,02/02/2017,8l4tnmTK,2,1,mheughgn
Amberly,Simondson,813 Towne Crossing,Węgliniec,2,23,936318460,05/08/2016,UcIXUyNIy1jn,1,2,asimondsongo
Rudyard,Pearce,0 Almo Center,Dadian,2,244,79969048,11/08/2016,Khl1yl,2,2,rpearcegp
Brett,Winterson,8022 Oneill Parkway,Miejsce Piastowe,1,9,372361627,23/08/2016,vsjPMp2AXk,1,2,bwintersongq
Kathie,McFade,0123 Clemons Trail,Brandsen,1,126,205533507,10/04/2017,wnphZr82,1,1,kmcfadegr
Grier,Burbridge,43 Rusk Lane,Hongshan,1,291,170797821,04/11/2016,WChqACrm68r,2,2,gburbridgegs
Jonathan,Eynon,90 Packers Pass,Argalastí,1,63,814385398,16/09/2016,zOlWDpZCsS,2,2,jeynongt
Northrup,Blaydes,147 Hoepker Trail,Sinegor'ye,2,54,114727593,23/09/2016,9hNowEYejmU,2,1,nblaydesgu
Jorrie,Patershall,8 Hauk Hill,Riebiņi,2,74,321941915,15/04/2017,NniY9mE,1,1,jpatershallgv
Baird,Vurley,882 Washington Way,Youkounkoun,2,259,725783032,03/10/2016,lC9OmR5,1,2,bvurleygw
Thorin,Stevens,0 Butterfield Road,Shitang,2,4,642625820,12/05/2017,ZXKI60,1,2,tstevensgx
Dixie,Albasiny,53 Morrow Drive,Phùng,1,231,362518167,07/11/2016,aLz5Xxw9,2,1,dalbasinygy
Morris,Mabbs,2738 Myrtle Avenue,Cherbourg-Octeville,2,28,823793917,09/10/2016,Q6CgZQF,2,2,mmabbsgz
Ofilia,Beeze,0 Redwing Court,Huangjiakou,1,102,830518737,26/10/2016,ZNxkZv,1,1,obeezeh0
Griz,Wandtke,94796 Warner Pass,Stari Grad,1,119,280656546,14/05/2017,6zjfXK,2,2,gwandtkeh1
Elfrieda,Trunkfield,5428 Spenser Street,Yasenskaya,2,299,642917200,30/11/2016,trpb4BlOgt,1,1,etrunkfieldh2
Gerri,Mathou,4666 Susan Park,Semiring,1,220,170514806,01/10/2016,ZMkXoF,1,1,gmathouh3
Melisenda,Coster,4240 Gale Alley,Dumaguete,1,289,998566165,11/03/2017,FhSWYNz2UEG,2,1,mcosterh4
Keefe,Kensitt,23 Thackeray Trail,Paôy Pêt,2,284,109255365,20/01/2017,N9Exy4,2,1,kkensitth5
Sigismond,Kilban,4708 Vermont Avenue,Rognedino,2,97,848071988,21/02/2017,5RRBKm5BljS,2,2,skilbanh6
Kalil,Russam,79 Glendale Court,Phoenix,2,83,205456055,05/06/2016,eRVa7AXbu,2,1,krussamh7
Ailey,Rylstone,922 Ronald Regan Way,Ängelholm,1,276,402109851,22/10/2016,SDhSvkHeUaBI,2,2,arylstoneh8
Carce,Jindacek,793 Morning Park,IJmuiden,1,53,804416589,30/08/2016,5S1mJLl3m,1,1,cjindacekh9
Sawyer,Kinghorn,0 Sage Way,Brak,2,278,438383688,10/03/2017,vdeClINd,1,2,skinghornha
Lisle,Mullane,02 Evergreen Street,La Ceja,1,125,375863691,25/01/2017,7ts5CLutN,2,1,lmullanehb
Myrlene,Precious,632 Merrick Circle,Ruzayevka,1,195,812798855,17/11/2016,Ck6xv71,1,2,mprecioushc
Shelby,Coster,398 Amoth Alley,Miraflores,2,84,545048988,20/05/2016,Kdxawwe,2,2,scosterhd
Leisha,Pasticznyk,6 Victoria Drive,Paris La Défense,2,136,308262560,20/12/2016,utYiEPCd,1,1,lpasticznykhe
Ryann,Poundesford,6511 Everett Place,Boca de Parita,2,59,211977726,29/11/2016,U7plvTfTtn4,1,1,rpoundesfordhf
Bamby,Mowett,2010 Forest Dale Court,Burayevo,2,175,156136258,03/04/2017,4sMiGItML,1,2,bmowetthg
Ingemar,Amphlett,12 High Crossing Court,Yekaterinovka,2,142,823310199,17/07/2016,rCO4hCGn,1,2,iamphletthh
Ailsun,Hagstone,26 Mccormick Junction,San Carlos,1,186,363851025,11/07/2016,EjnhQF95j8,2,1,ahagstonehi
Edeline,Bathoe,6 Luster Park,Bang Ban,2,121,416563525,05/07/2016,w0vitD,1,1,ebathoehj
Vinnie,Gothrup,54 Mendota Point,Xingdian,1,53,406706592,02/12/2016,UKjXs6R,2,1,vgothruphk
Jaime,Joicey,963 Lake View Crossing,Regueiro,1,117,607239790,07/01/2017,F3RP073,2,2,jjoiceyhl
Mariele,Lehmann,5 Kinsman Way,Haninge,2,98,622728576,24/09/2016,nzdeMXY,1,1,mlehmannhm
Marylinda,Purves,3575 Merry Way,Krong Pi Nang,1,254,971665853,05/11/2016,C9OHp0lvfceA,2,2,mpurveshn
Sibyl,July,2 Everett Pass,Kuruman,2,19,362653770,30/08/2016,kGK78CAr,2,1,sjulyho
Pietrek,Oakland,0 Dakota Drive,San Manuel,1,198,51177929,20/10/2016,bWDnqRSSlAmu,1,1,poaklandhp
Naomi,Mitroshinov,7 Melody Center,San Juan Sacatepéquez,2,261,341525654,05/08/2016,nfhvOEQ7MT,2,2,nmitroshinovhq
Gavra,Pyatt,6 Lakewood Gardens Road,Nurota Shahri,2,268,511439970,07/06/2016,0q2oqs,2,1,gpyatthr
Celina,Doneld,68630 Mandrake Place,Engenho,2,85,430680561,29/06/2016,NDUazU3kGuj,1,2,cdoneldhs
Josh,Ancliff,7 Cherokee Center,Oslo,2,233,729842880,26/11/2016,jE1iM00,1,1,jancliffht
Carlynn,Philbrick,2579 Spenser Street,Taquile,2,3,209224169,03/03/2017,8vH57EhMVJ,2,1,cphilbrickhu
Bernarr,Galbraith,367 Sage Crossing,Carusucan,1,168,707573979,20/10/2016,Ej5Ilx,2,2,bgalbraithhv
Hanna,Padginton,9 Graceland Way,Qiaozhuang,1,232,653535403,29/07/2016,sW3flUeBvTz,1,2,hpadgintonhw
Roxanna,Marjanski,14499 Talisman Alley,Oskarshamn,2,6,681132630,13/09/2016,sHJHtYLxgwnN,2,1,rmarjanskihx
Lelah,Marsland,87815 Roth Lane,Jingmen,1,93,255785707,27/11/2016,dpIT9C,2,1,lmarslandhy
David,Edwardson,570 Spaight Avenue,Yanchi,2,126,55270821,24/03/2017,CL6ak6omZ4G5,1,1,dedwardsonhz
Angele,Dunkley,1303 Waxwing Trail,Mizunami,1,94,327803797,01/05/2017,V4Gilr2wm,1,2,adunkleyi0
Seumas,Dugmore,51406 Heffernan Point,Krikil,1,44,415851332,05/05/2017,9hmkpwOH0f,2,2,sdugmorei1
Electra,Champley,84 Tomscot Avenue,Anuling,1,286,573937033,04/05/2017,1Ku4i4trJXU,2,1,echampleyi2
Zsa zsa,Edmands,843 Brown Circle,Doushan,2,79,771598328,22/12/2016,omZcE4rdLjW,1,1,zedmandsi3
Celestia,Welband,70 Meadow Vale Avenue,Mendī,1,265,280349343,19/06/2016,wwEgR0MI,1,2,cwelbandi4
Northrop,Habden,31397 Moland Parkway,Liushun,2,163,274339318,16/04/2017,k2ayhthvP62,1,1,nhabdeni5
Eduard,Beckford,9731 Lindbergh Hill,Łopuszna,2,233,170485622,21/04/2017,DbOsgukua,1,2,ebeckfordi6
Averell,Jewer,81 Bultman Drive,San Gil,2,159,804195072,15/08/2016,NazJ7AtsueY,1,2,ajeweri7
Illa,Jennrich,58 Columbus Pass,Udomlya,1,74,412501548,22/10/2016,Do0c1xIRkCd,2,1,ijennrichi8
Kiele,Deave,7730 Donald Terrace,Pulo,2,1,112552362,17/08/2016,xlAZnx,2,2,kdeavei9
Clair,Scade,4668 Killdeer Drive,Kanda,2,25,745917271,18/03/2017,QklkbnoWYF,1,1,cscadeia
Caterina,Feldbaum,61222 Northfield Place,Novokuz’minki,1,127,443084427,02/09/2016,A0CVzMpKiaUD,2,2,cfeldbaumib
Pail,Willett,6108 Bluejay Lane,Ambulong,2,70,622778557,07/10/2016,lhF3qnTUbaKM,1,2,pwillettic
Dawna,Furzer,6 Transport Trail,Yasenevo,2,278,997583533,17/02/2017,gKSH9X,2,1,dfurzerid
Chic,Lanmeid,6 Old Gate Park,Gagarin,1,220,447868796,09/07/2016,R5JOopOMZFqJ,2,2,clanmeidie
Sandi,Andrini,05369 Burning Wood Parkway,Fukuyama,2,207,390077084,21/02/2017,hp3LJsR,1,1,sandriniif
Tony,Edmondson,5 Ohio Lane,Kayu Agung,1,275,337840261,18/07/2016,wtk9plz1c,2,1,tedmondsonig
Joni,Rosborough,8 Iowa Avenue,Qiling,1,239,472467883,03/01/2017,jsINGZVKMg,2,2,jrosboroughih
Judy,Holsey,55481 Jay Terrace,Sobienie Jeziory,2,162,42108209,22/08/2016,CzxnBh,1,2,jholseyii
Kelsey,Ely,08542 Hollow Ridge Center,Boujniba,2,20,443080906,13/08/2016,q7hhPWJ,1,1,kelyij
Wandie,Baudy,38415 Moulton Street,Arāk,1,32,711463445,21/02/2017,JQXh7y1E9,2,1,wbaudyik
Dalton,Gobel,656 Rockefeller Center,Gaphatshwe,1,6,906895369,11/09/2016,Za7VuOmELD,2,1,dgobelil
Gonzales,Rustadge,7 Fordem Lane,Kandangan,1,83,49210458,24/11/2016,fEP9Ep4z,1,1,grustadgeim
Beth,Bibey,82615 Derek Hill,Sorodot,1,299,935541336,24/05/2016,vuM4FxqGfEHU,2,2,bbibeyin
Mahala,Daubeny,4950 Graedel Road,Plateliai,2,38,838663898,12/07/2016,DlrESi,2,2,mdaubenyio
Myrtia,Pleming,94685 Schurz Road,An Nāşirah,1,210,983872210,23/10/2016,zh1GDZ,2,2,mplemingip
Mauricio,Barizeret,2 Forest Court,Polo,2,240,346901601,07/06/2016,GzVUnH,2,1,mbarizeretiq
Sayres,Meadows,22 Fairview Trail,Khārān,1,190,350104891,07/04/2017,jmVWUR,2,1,smeadowsir
Beverlie,Antonijevic,67 Manufacturers Avenue,Lazaro Cardenas,1,214,608612500,16/10/2016,N5eV2C0kI4ak,2,1,bantonijevicis
Millicent,Sole,63 Ryan Road,Ercheng,1,250,635791677,28/04/2017,y49g42r,2,1,msoleit
Bess,Ronci,5 Rutledge Crossing,Pule,2,36,958059468,14/11/2016,gExgK1,2,1,bronciiu
Brier,Travers,8 Talisman Park,La Goulette,2,244,632176759,14/08/2016,o7eJgigarQA,1,2,btraversiv
Kimberley,Bohling,67153 Lyons Hill,Markaryd,2,10,137520637,03/05/2017,n3tTsAME9v,2,2,kbohlingiw
Justus,Lazell,0 Superior Plaza,Shanglaxiu,2,64,685742040,28/11/2016,GF4AAf,1,2,jlazellix
Patti,Olivera,034 Lighthouse Bay Avenue,Kunvald,2,162,623018969,22/02/2017,GD1pG8rGn5,1,2,poliveraiy
Alon,Braghini,2833 Bartelt Road,Houxixi,2,149,707926887,07/08/2016,N5XJmD,1,2,abraghiniiz
Grethel,Durran,7790 Bunting Street,Hövsan,1,30,486922358,30/07/2016,ndjNrk,1,1,gdurranj0
Madeline,Ovitz,2 Westport Court,Muzidian,2,158,617421743,23/03/2017,jEmG8Wh5xp98,1,2,movitzj1
Starlin,McCorrie,9991 Bonner Junction,Báguanos,1,296,427000571,14/12/2016,CBt74vv,2,2,smccorriej2
Nicoli,Jeste,3 Mccormick Junction,Hrvatska Kostajnica,1,39,330125104,18/10/2016,CucUAXueq,1,1,njestej3
Sukey,Radbourn,44466 Onsgard Avenue,Langzhong,2,68,337653175,11/07/2016,0ido2mKpTYo,2,2,sradbournj4
Don,Anderl,248 Rusk Junction,Águas,1,44,954025107,07/01/2017,vy5sgEcd,2,2,danderlj5
Raye,Leworthy,36377 Redwing Alley,Qianying,2,150,771001770,22/05/2016,yvdZLUFdQm,2,1,rleworthyj6
Dayle,Bracci,4138 Northview Place,Pampamarca,2,167,845892571,06/09/2016,2c3dc6Tr4m,2,2,dbraccij7
Curtice,Nolan,137 Pepper Wood Plaza,Vardablur,2,263,859894211,07/05/2017,8gm5nI9Qz,2,2,cnolanj8
Wiley,MacCheyne,19 Summer Ridge Circle,Poja,1,169,928839669,26/03/2017,FauKjT,2,2,wmaccheynej9
Markos,Morsom,1344 Becker Place,Nadezhda,2,81,304454290,03/11/2016,DgFUfTR1OvSu,2,2,mmorsomja
Isabelle,Conkling,40621 Hoffman Center,Patía,2,52,502565411,02/09/2016,3pH9ZygID5,1,1,iconklingjb
Jasper,Henrys,0349 Hoard Lane,Pombal,2,219,986598304,25/03/2017,OAxOWk06G,2,2,jhenrysjc
Chiquia,Luckham,5 Roxbury Circle,Enschede,1,22,401904414,13/12/2016,kMd5YU4m,1,2,cluckhamjd
Juline,Doag,7263 Mockingbird Avenue,Lagunas,1,221,985490958,06/05/2017,oDRGbab6g,1,2,jdoagje
Corene,Madge,5 Schmedeman Circle,Perštejn,1,3,24323082,01/10/2016,JM4RgIx,1,1,cmadgejf
Terza,Radbone,77865 Lakeland Hill,Antalaha,2,59,67749015,03/07/2016,MFrNWdk,2,1,tradbonejg
Frants,Metson,215 West Way,Los Aquijes,2,232,210133211,22/07/2016,oz5ugllo0Y,2,1,fmetsonjh
Nye,Tatam,532 Northland Crossing,Mirriah,1,120,229494425,01/10/2016,VnoiXY43,2,1,ntatamji
Travis,Riccardo,2072 Fieldstone Center,Lelystad,2,45,3488280,13/05/2017,3iCLmBE,1,2,triccardojj
Omero,Ambrozik,253 Coleman Park,Yangjiang,1,56,552711118,14/05/2017,Wn5Wze,1,1,oambrozikjk
Burk,Spears,2 Laurel Alley,Nakambala,2,199,329923991,05/05/2017,de38XmO3RD,2,1,bspearsjl
Enrico,Pimme,5400 Warrior Way,Dzüünkharaa,1,133,269358060,19/10/2016,GpjW4OuFaie,2,1,epimmejm
Haily,Eckery,540 Division Trail,‘Afrīn,1,138,635456914,22/03/2017,KgGsIqsczer9,1,1,heckeryjn
Guillermo,Dono,8 Pennsylvania Avenue,Kirkland Lake,1,74,221976879,26/07/2016,6GNtKw1fjOn,2,2,gdonojo
Antoinette,Dielhenn,52 Green Ridge Place,São José do Egito,1,84,202686139,29/09/2016,BeKzdW77,2,1,adielhennjp
Demetris,Wye,28562 Lillian Crossing,Macas,2,251,859918211,01/03/2017,nhuiJt492,1,2,dwyejq
Jessalin,Rapi,774 Lillian Lane,Meilisi,2,127,494039823,16/05/2017,INGsQ7nByN,1,1,jrapijr
Rina,Gloves,40658 Colorado Circle,Comandante Fontana,2,10,749908415,31/08/2016,YXPOchv5Z1,1,1,rglovesjs
Gilemette,Theis,4437 Stang Drive,La Caya,2,112,260818755,04/12/2016,6r5VnOb8Cqc2,1,2,gtheisjt
Gav,Blint,968 Arrowood Place,San Francisco Zapotitlán,1,195,712835253,06/10/2016,qPyXuI,1,2,gblintju
Gillan,Medlen,48 Homewood Avenue,Daoxu,1,68,614554209,14/08/2016,XsihhzI,1,2,gmedlenjv
Louis,Habble,9 Clarendon Circle,Marvdasht,2,40,333887449,07/01/2017,75FYIGI1Xh,1,2,lhabblejw
Eimile,Wadworth,9 Debs Park,Crossfield,2,288,195563090,16/10/2016,gt7GB9nFPie,2,2,ewadworthjx
Stephen,Courtois,87 Mandrake Hill,Baoluan,1,197,245496213,06/02/2017,vg80qV,1,1,scourtoisjy
Ezri,Hasser,90 Spenser Circle,Dongsheng,2,91,929272329,22/11/2016,gKF2CmH5EDkW,1,2,ehasserjz
Miguela,Heeran,7349 Dakota Court,Zhangcheng,1,149,706513696,24/02/2017,aad21qSSz,2,2,mheerank0
Malissia,Fieldhouse,93687 Loomis Circle,Kiraman,1,291,693277885,05/08/2016,37qhoott8zhY,2,2,mfieldhousek1
Phoebe,Garford,6255 Hayes Lane,Macachín,1,129,772546508,04/01/2017,df4s336LJ,1,2,pgarfordk2
Urbanus,Guiel,38594 Goodland Terrace,Rybatskoye,1,223,731814447,12/04/2017,MK5W7Ghe4dh,1,1,uguielk3
Gael,Pressman,44 Kenwood Plaza,Sipocot,2,166,866667354,03/06/2016,5ugAWR,2,1,gpressmank4
Pamelina,Fomichkin,184 Iowa Trail,Damasak,2,136,581756590,15/05/2017,thkHUy,1,1,pfomichkink5
Moira,Rikel,9914 Ohio Circle,Skolkovo,1,131,354766131,20/03/2017,c8EnpC,1,2,mrikelk6
Lancelot,McDell,613 Darwin Drive,Petaling Jaya,1,245,599434828,23/04/2017,YKsrZMl,1,1,lmcdellk7
Laureen,Bridgland,0 Southridge Lane,Nyandoma,1,100,44902440,12/01/2017,w2LDMx,1,2,lbridglandk8
Abbe,Clerc,46 Clove Circle,Takeshiken,2,261,931167253,05/03/2017,unCjKyNxT,1,2,aclerck9
Den,Gilchrist,8683 2nd Road,Brive-la-Gaillarde,1,63,392528508,23/08/2016,X4vCxQ5U0,2,2,dgilchristka
Wayne,Clacson,14 Hansons Terrace,Bihoro,2,103,276010989,22/02/2017,aSi1wqfmj9gj,1,2,wclacsonkb
Elane,Harland,680 Thackeray Terrace,Erími,2,72,838123808,18/06/2016,2WAgIpXwDDH,2,2,eharlandkc
Chick,Franzoli,4485 Everett Crossing,Lipovci,2,103,658129050,20/12/2016,xsLRQFVPxb,1,1,cfranzolikd
Alard,Vigurs,20922 Lakeland Street,Leijiadian,2,248,284792499,19/04/2017,b6eYO6SRNz,1,2,avigurske
Noam,St. Leger,89 Bultman Pass,Fencheng,1,133,550178203,26/11/2016,6SWjBy,1,1,nstlegerkf
Lanette,Brewitt,2328 Lien Junction,Guanay,1,129,193206825,23/09/2016,IxSnSv3ycvNk,1,1,lbrewittkg
Maryanna,Pinnion,8027 Jenifer Place,Desa Borogojol,2,110,389897929,11/06/2016,la6kFh2z,2,1,mpinnionkh
Lilas,Mellhuish,031 Magdeline Circle,Ambunti,2,156,211465041,11/06/2016,vzeatg3ShaEi,1,2,lmellhuishki
Carr,Southard,726 Kim Drive,Tian’an,2,285,12763461,03/06/2016,gg66N2,1,2,csouthardkj
Gardy,Taffie,6 Larry Pass,El Paso,1,41,223724020,27/06/2016,CfDzje1h,2,2,gtaffiekk
Mary,Brittlebank,01079 Cherokee Street,Basseterre,1,42,284051666,16/08/2016,0TnWAZSXvg,1,2,mbrittlebankkl
Laurence,Ranscomb,333 Morning Trail,Senduro,1,145,230171928,20/09/2016,3L6Nc7lPxFJ6,2,1,lranscombkm
Otes,Shilvock,76871 American Ash Way,Kariaí,1,129,898664046,03/11/2016,ZGVlNY,2,1,oshilvockkn
Beret,Olenchenko,97175 Sunfield Plaza,Saint-Amand-les-Eaux,2,296,638227976,16/11/2016,Y4xiIZI,1,1,bolenchenkoko
Jacinta,Pointin,085 Dawn Avenue,Xianbao,2,31,547338070,31/08/2016,G9oga5N16c,2,2,jpointinkp
Rikki,Shrimptone,86 Donald Road,Seulimeum,2,282,810306447,12/08/2016,hebrY5PBr,2,2,rshrimptonekq
Nefen,Scohier,19 Vermont Crossing,Ar Rawnah,1,250,763975056,06/02/2017,ARer8vMS2Z,2,1,nscohierkr
Jocelyn,Toffanini,30890 Garrison Avenue,Baima,2,173,796282195,02/06/2016,NzzUMk4MHd2,1,1,jtoffaniniks
Meris,Hartright,5 Welch Avenue,Nailong,2,220,933632085,15/10/2016,QbhrsbfPG,1,1,mhartrightkt
Ivett,Gendrich,5 Mcguire Circle,Tingloy,2,159,764908385,23/08/2016,tCRxIVlFs,2,2,igendrichku
Cinnamon,Leggen,98947 Goodland Junction,Göteborg,2,255,165599405,18/11/2016,1VIBhlbC,2,1,cleggenkv
Gabriell,Hookes,5 Jay Avenue,Aytos,1,189,160632556,07/09/2016,ra5genYmImF7,2,1,ghookeskw
Verne,Ferres,57 Johnson Way,Pasarkolot,1,112,396150709,20/05/2016,OHm0cW4X,1,1,vferreskx
Hill,Mammatt,07511 Sloan Drive,Shuizhai,2,205,501955200,29/09/2016,2n9Kdx6qFf,2,1,hmammattky
Faye,Huburn,6 David Point,Longfengba,2,274,911270095,20/11/2016,nLN8eo,1,2,fhuburnkz
Normy,Mathe,711 Lotheville Junction,Santo André,2,174,279801603,21/04/2017,eybo8I2Mt,2,1,nmathel0
Justus,Cheater,98796 Tomscot Drive,Niort,1,282,815523047,15/11/2016,089qhk,1,1,jcheaterl1
Harland,Coulton,7750 Meadow Ridge Crossing,Leloboko,2,50,371128242,08/04/2017,wTAHhCGs9,2,2,hcoultonl2
Martguerita,Lorait,77991 Ohio Plaza,Mungui,2,60,534278255,14/06/2016,NjGq26zeCS,1,1,mloraitl3
Winny,Cragoe,9981 Karstens Park,Culianin,1,191,922517832,02/11/2016,em3keF5QjH,1,1,wcragoel4
Karlene,Midgley,99 Brown Lane,Krebetkrajan,1,190,859817747,31/03/2017,7shUrQ,2,2,kmidgleyl5
Sharona,Petofi,691 Grim Alley,Tieli,1,281,294741036,24/09/2016,pe2Q7d,1,2,spetofil6
Harmonia,Selbie,8 Schiller Point,Gradec,1,237,871413718,26/11/2016,k5fX1rW8,1,1,hselbiel7
Antonino,Olivier,1 Bunker Hill Parkway,Järfälla,2,162,707876863,06/02/2017,csBD2xF,1,1,aolivierl8
Della,O'Luney,51815 Thompson Park,Cerro Azul,1,290,430862038,25/11/2016,HCrTBr9,2,1,doluneyl9
Gar,Skeen,4 Melody Street,Nerekhta,1,44,541170256,18/08/2016,3AhQnvxo78d,2,2,gskeenla
Rina,MacAdie,6277 Monica Hill,Sumy,2,152,794906060,16/06/2016,PJCjI54,2,2,rmacadielb
Kellyann,Humblestone,895 Meadow Vale Trail,Gondar,1,80,228633474,21/12/2016,f7vvZx,1,2,khumblestonelc
Nikki,Danev,9756 Swallow Center,Cali,1,47,554279587,21/02/2017,cMcRcFRo,1,1,ndanevld
Murielle,Karolyi,4185 Kensington Crossing,Congonhas,2,17,569688927,03/11/2016,MQYYRfYzbKrV,2,2,mkarolyile
Charmion,Conner,1 Prairie Rose Avenue,Swellendam,1,260,600803255,25/02/2017,HZxn2Mt,2,1,cconnerlf
Chrotoem,Boumphrey,1 Esch Circle,Rokytnice nad Jizerou,2,173,826854453,27/01/2017,tAro64ciH,1,1,cboumphreylg
Mendy,Mayhead,2811 Pierstorff Junction,Thị Trấn Văn Quan,2,132,966197071,06/11/2016,mzkxMMtg,2,1,mmayheadlh
Vallie,Alred,09011 Stang Circle,Kadupayung,1,274,476421882,20/08/2016,62a3mPeyz3,1,1,valredli
Art,Gouldbourn,87545 4th Hill,Manisi,2,176,755402114,24/06/2016,jnf5E7eFct,2,2,agouldbournlj
Ricki,Solan,3605 Garrison Point,Hwacheon,2,287,594758954,02/10/2016,KCWehTJ7v,2,2,rsolanlk
Cary,But,40068 Knutson Drive,Ar Rudayyif,1,118,791751303,19/09/2016,AOvzB7VyG,2,1,cbutll
Northrup,Wyborn,34203 Huxley Park,Podsineye,2,296,411433060,22/07/2016,yWhjX9sp2zwl,1,2,nwybornlm
Roby,Chatainier,2004 Old Shore Road,Xinzhaiping,2,129,170153167,08/02/2017,z7O51E,1,1,rchatainierln
Charlena,Goslin,463 Onsgard Crossing,Ning’an,1,259,199273303,18/12/2016,hRc38h0a,1,2,cgoslinlo
Jude,McGillivray,855 Pleasure Park,Nālchiti,2,221,254294836,14/10/2016,cBhcy7s,1,1,jmcgillivraylp
Angele,Barensen,4 Laurel Hill,Sumy,1,243,435497397,23/07/2016,9XxNgPOy9Gve,2,2,abarensenlq
Aretha,Vizard,7649 Park Meadow Alley,Tagbacan Ibaba,2,150,87284759,30/11/2016,medXWhyPYLjv,2,2,avizardlr
Geoffry,Bockmaster,223 Alpine Street,Dazaifu,2,7,907348765,12/04/2017,P5bBlJnq6lo,2,2,gbockmasterls
Mara,Enrich,062 Cordelia Pass,Az Zarqā,2,85,934639487,04/09/2016,EhhRZmndaW8W,2,2,menrichlt
Marion,Brotherton,19 Messerschmidt Court,São João dos Montes,1,282,968032917,15/03/2017,LcpK79p4,1,1,mbrothertonlu
Tiffi,Lamborn,0712 Moland Terrace,Banī Ḩassān,1,297,613022386,10/12/2016,IpwpGv,2,1,tlambornlv
Dun,D'Alessio,09 Kings Point,Huaiyuan Chengguanzhen,2,3,997740280,25/09/2016,8yOAjLlZ,1,1,ddalessiolw
Nolly,Oldroyde,12 Westerfield Circle,Nybro,2,98,877146479,05/05/2017,ZJxhgff,1,1,noldroydelx
Selena,Crennan,57572 Coleman Parkway,Dao’er,2,143,391770958,31/01/2017,r3PmclLjnMoP,2,2,scrennanly
Loydie,Sives,58038 Hagan Park,Chittagong,2,174,839754338,08/04/2017,JOcffkj6PM,2,2,lsiveslz
Chandra,Lattimer,55164 Independence Junction,Kaniów,1,152,19854790,10/06/2016,JnW7f8P,1,1,clattimerm0
Yancy,Barbisch,510 Merchant Park,Taouima,1,41,959954203,06/08/2016,NZTzJi3SH0q3,1,1,ybarbischm1
Jocko,Pavis,08796 Rockefeller Alley,Krajan Bakalan,1,174,177464000,16/11/2016,xQD2PEDWvdm,1,1,jpavism2
Margareta,Jaulmes,67180 Veith Hill,Taquarituba,1,273,15643663,08/06/2016,tbruGmZvALf,1,2,mjaulmesm3
Bettine,Rashleigh,81016 Eastwood Hill,Krasnopillya,2,190,14777012,18/06/2016,nxktWH,2,1,brashleighm4
Devin,Verty,109 2nd Trail,Huichang,2,184,199232638,26/04/2017,9KO3Ek7z,1,1,dvertym5
Binnie,Rizzi,9109 Badeau Trail,Bayanhongor,1,65,165882672,17/03/2017,W4wVCsiC9,1,1,brizzim6
Serene,Devine,872 Hanover Pass,Calebasses,1,150,484259464,07/08/2016,yYLqnqu8SZCT,1,1,sdevinem7
Alfi,Connelly,5 Hazelcrest Center,Chunjing,2,160,128912576,20/04/2017,IJgs2u,1,1,aconnellym8
Hannah,Hunston,2282 Northland Place,Roissy Charles-de-Gaulle,1,69,598948129,17/02/2017,frIpURFp,2,1,hhunstonm9
Isahella,Oldmeadow,6111 Boyd Pass,Koson Shahri,1,188,212291408,12/05/2017,TRnYgqIfTR,2,1,ioldmeadowma
Conan,Peagrim,42410 Trailsway Circle,Grijó,1,277,154990522,07/02/2017,8dJ3eDCmPy,1,1,cpeagrimmb
Tito,Springthorpe,31 Emmet Junction,Shangrao,1,70,349172328,01/02/2017,g3yFJwq2eEY,2,1,tspringthorpemc
Bertie,Rasor,346 Sunfield Avenue,Wolin,2,192,671786259,25/03/2017,pcpMyfvnUfs,2,2,brasormd
Linc,Rushford,17649 Mesta Terrace,Volzhsk,2,90,35530341,12/04/2017,4hycQo1d,1,2,lrushfordme
Mandel,Readman,44167 Grover Alley,Attard,2,145,484024369,31/03/2017,tfEwNQOiI,1,1,mreadmanmf
Perice,Champneys,64 Memorial Parkway,Cañaveral,1,251,286987621,05/05/2017,fbO8WK,2,2,pchampneysmg
Jemimah,Studart,7 Laurel Terrace,Doba,2,96,746494371,25/02/2017,MFqAWDUdF,1,1,jstudartmh
Felizio,Finnemore,6 3rd Drive,Iroquois Falls,1,88,406693554,14/03/2017,mYweBYWTrZN,1,2,ffinnemoremi
Cherish,Jeannon,6480 Grim Terrace,Idrinskoye,2,98,515977112,15/11/2016,a2rZuCk,2,2,cjeannonmj
Angeli,Woolens,55237 Utah Pass,Smyga,1,69,746119833,14/09/2016,MxVqf9c7H8j,1,2,awoolensmk
Cristy,Leggen,602 Toban Lane,Banjar Parekan,2,275,726619760,05/08/2016,60Xoga,2,1,cleggenml
Joann,Baumler,757 Stone Corner Road,Conceição da Abóboda,2,11,702061230,03/08/2016,bBgpVgDlPkAw,2,1,jbaumlermm
Belva,Escoffrey,3 Springs Alley,Gaoling,1,99,860369594,26/03/2017,DApX3BWK,2,1,bescoffreymn
Teirtza,Dilloway,86582 Sutteridge Court,Nueva Fuerza,1,222,22689295,16/01/2017,rRYDrk,1,2,tdillowaymo
Royall,Harrison,5616 Bunting Trail,Paris 14,1,293,285100783,14/01/2017,sCe8vM,1,1,rharrisonmp
Bertrando,Saing,42 Mccormick Crossing,Měcholupy,2,115,991897053,20/10/2016,ZMJ2URljmSB,2,2,bsaingmq
Sibel,Ruggs,9 Vera Circle,New Leyte,2,296,834485060,03/08/2016,zCZNtRaxDQf6,1,1,sruggsmr
Marley,Harbottle,6829 Stoughton Hill,Mlaka pri Kranju,2,131,910742468,16/03/2017,dY0xHZ,1,2,mharbottlems
Westley,Hardman,14 Starling Circle,Jinjing,1,89,873779415,17/06/2016,MYyCWRI,1,2,whardmanmt
Jolynn,Matschke,61101 North Terrace,Pontevedra,2,22,580468234,03/11/2016,O5Re1tn,2,2,jmatschkemu
Leta,Ginman,6535 Grasskamp Road,Cennan,2,220,446050434,15/06/2016,5z9JpikcD,1,2,lginmanmv
Ezri,Freathy,40 Clyde Gallagher Terrace,Żychlin,1,153,736768440,30/04/2017,ozcg1xJ,1,2,efreathymw
Merwyn,Geipel,9 Tennyson Alley,Akademgorodok,2,296,225880654,19/08/2016,3TvUd4pOH,2,1,mgeipelmx
Cayla,Eyckelbeck,474 Namekagon Pass,Dhidhdhoo,1,268,657247872,23/04/2017,NSTpoqJ,2,1,ceyckelbeckmy
Cacilia,Delph,7810 Columbus Hill,Cibatuireng,1,213,171418992,17/07/2016,fsMyEzWxaoI,2,2,cdelphmz
Sharai,Poulson,438 Rowland Place,Mainri,1,62,498925369,20/02/2017,OV3dzkn9Ypz,2,2,spoulsonn0
Maxwell,Blaksland,621 Barnett Plaza,Mollebamba,2,151,908670971,19/01/2017,EKGhXn,1,2,mblakslandn1
Jilleen,Conaboy,75 Shasta Junction,Mariinsk,2,198,377991236,21/06/2016,Ua7qidEl3T5,1,1,jconaboyn2
Karla,Gudge,23 Fisk Drive,Hrazdan,2,130,47505091,05/08/2016,qVNvOG5E4,1,1,kgudgen3
Sydney,Dorward,995 Bellgrove Terrace,Mollebamba,1,75,580135159,07/02/2017,AdjHaKP,2,2,sdorwardn4
Julieta,Jeandot,5 Buena Vista Street,El Benque,1,297,747941902,19/05/2016,qQmSrTjJ,2,1,jjeandotn5
Sylvan,Darbyshire,9 Marquette Trail,Xiahong,1,207,193329954,21/04/2017,6B9GyP,1,2,sdarbyshiren6
Allis,Petrou,810 Pankratz Street,Caleta Cruz,1,129,618546322,13/04/2017,7heU7FTNO,1,1,apetroun7
Omero,Meriguet,428 Farwell Pass,Shuanghe,2,227,358261467,30/04/2017,7lRPPC,1,2,omeriguetn8
Rolph,Samme,9 Moose Park,Olympia,2,240,629445091,25/10/2016,UEJZ3xA,2,2,rsammen9
Woodie,Balstone,9 Ronald Regan Crossing,Eindhoven,1,159,398432952,06/07/2016,hGdRdCZDV,2,2,wbalstonena
Sorcha,Tootell,94528 Sugar Place,Kaesŏng,1,165,252122651,28/03/2017,itTPmmD9Bm4,2,1,stootellnb
Karney,Hugnet,73473 Sommers Drive,Kribi,2,153,458749565,09/09/2016,9KB73He,2,1,khugnetnc
Jerrylee,Slane,502 Union Center,Saiki,2,146,625432763,31/08/2016,T9RSyOdC,1,1,jslanend
Stanly,McKibben,966 Forest Park,Nuevo Emperador,2,92,417449581,31/01/2017,evUCOMLuF21,1,1,smckibbenne
Winnie,Izzett,61 Mitchell Lane,Abaeté,1,100,301898899,27/06/2016,eEXHW1hEb,1,2,wizzettnf
Imojean,Compford,328 Nobel Court,Tyshkivka,1,126,861155673,04/11/2016,uxxOSWzHjs,1,1,icompfordng
Kendra,Stearley,70091 Blaine Place,Curahpacul Satu,1,22,815374338,11/11/2016,jp4fjC,1,1,kstearleynh
Alaric,Thewless,70 Bartelt Road,Lolotique,1,166,594780576,13/12/2016,OtUKmPY,2,2,athewlessni
Rey,Godilington,7245 Lawn Point,Larochette,2,130,658900294,18/03/2017,rO6yeV6G,1,1,rgodilingtonnj
Mitzi,Richardsson,7 Huxley Way,Bitam,1,259,62235274,16/05/2017,9xTgNZ8si,1,2,mrichardssonnk
Lind,Corradino,24 Stoughton Crossing,Lingdi,2,281,131337777,18/11/2016,AbYtiVHjeQn,2,2,lcorradinonl
Pace,Quadrio,3835 Bashford Place,Lecheng,2,194,778823533,13/07/2016,O92nkoP,1,1,pquadrionm
Gilbert,Folcarelli,4 Crowley Lane,Pomar,2,191,216955007,19/01/2017,O0Ov4Hinw,2,1,gfolcarellinn
Karel,Swannack,62 Spaight Street,Lasehao,2,50,930818025,09/09/2016,e7Ms2S,1,1,kswannackno
Sheilah,Hampton,624 Corben Drive,Växjö,1,158,33944668,07/10/2016,Y78Fanut7,1,2,shamptonnp
Renaud,Wilsher,22498 Toban Point,Undurkhaan,2,184,161350071,28/07/2016,HyxRpEGsA,2,2,rwilshernq
Paulie,Ayre,1 Pleasure Plaza,Vermelha,2,123,858850301,01/06/2016,uaYOtvnWa,1,2,payrenr
Aggi,Filinkov,144 Milwaukee Pass,Blyznyuky,1,141,849184529,19/12/2016,CJvujq56yp6U,2,1,afilinkovns
Leena,Cutchey,179 Paget Center,Taloqan,1,93,926737446,05/04/2017,AdTlVDC1o2i,1,1,lcutcheynt
Shelley,Barendtsen,552 Anniversary Circle,Täby,2,246,221858744,15/04/2017,OltbZKnk06,1,1,sbarendtsennu
Town,Mouget,7 Continental Place,Verin Artashat,1,140,330899495,15/12/2016,Rb5AX4HjPbS,1,1,tmougetnv
Nicol,Linford,768 Hanson Place,Libochovice,1,258,379323981,15/11/2016,wAAjjpRa,2,1,nlinfordnw
Kristian,Whalebelly,31248 Knutson Street,Qingkou,1,226,456262295,09/04/2017,e3lhsK9,2,2,kwhalebellynx
Corey,Kerbey,11 Warbler Junction,Songhu,1,60,806831594,08/03/2017,nnunqaxDKlol,2,1,ckerbeyny
Maximo,Mowatt,92013 Logan Hill,Hexi,2,78,662955574,06/12/2016,FyS6FB26Ob6c,1,1,mmowattnz
Raffarty,Gosland,95971 Corscot Way,Tupã,1,199,74088289,19/06/2016,BHrSGml,1,2,rgoslando0
Marie-jeanne,Jerschke,47406 Mallory Street,Leduc,2,236,106102662,04/08/2016,24tvfNkqBwkU,2,1,mjerschkeo1
Loise,Mariot,02181 Jay Parkway,Ningtang,2,95,93302319,19/12/2016,U3ns9Qb8O,2,2,lmarioto2
Annabal,Shoveller,5 Mosinee Plaza,Cahors,1,109,359665024,26/01/2017,C77aT9mo,1,1,ashovellero3
Neila,Trulock,39419 Sutteridge Street,Yinghai,2,82,619917785,15/02/2017,xodRxPyptd,1,2,ntrulocko4
Aylmer,Demke,4888 Comanche Street,Balally,1,146,757439716,16/07/2016,Gx6lTkwwR,1,2,ademkeo5
Edd,Clayal,02635 High Crossing Avenue,Itambacuri,1,16,826120879,05/07/2016,0qQUOj,2,2,eclayalo6
Maryanna,Lattey,9 Eliot Junction,Paingar,1,183,618921643,29/08/2016,dBpk9iybRe,2,1,mlatteyo7
Ole,Cuxon,468 Esker Plaza,Petoa,1,174,663922381,19/02/2017,N4DTy1L,1,1,ocuxono8
Gerhard,Gegg,4 Rockefeller Plaza,Caazapá,2,97,388033063,03/01/2017,TdlKRWF1dhn,2,1,ggeggo9
Gard,Hubeaux,55 Eggendart Drive,Horqueta,2,208,228630119,21/06/2016,0Z55BY7n,1,1,ghubeauxoa
Dru,Gillyett,6734 Green Point,Jimaguayú,2,180,979178388,20/08/2016,BFUSXNO,1,1,dgillyettob
Mollee,Novello,328 Bowman Park,Thị Trấn Phú Mỹ,2,233,457355911,19/01/2017,ylODTQR,1,1,mnovellooc
Cherlyn,Caulton,60 Ohio Drive,Yanshi,1,157,827068838,23/11/2016,EFAqmxo,1,2,ccaultonod
Shermie,Valois,3138 Delladonna Alley,Dabaozi,2,34,928717464,15/07/2016,1M7tLez,2,2,svaloisoe
Osbourn,Scripture,48929 Fairfield Terrace,Guanyinge,2,105,195070476,27/08/2016,GgSYXX,2,1,oscriptureof
Sunshine,Scuse,94 Roth Alley,Älvdalen,1,120,953872090,28/06/2016,K6E6sIw9Kg,2,2,sscuseog
Noelyn,Lewsie,6702 Mayer Road,Élancourt,2,118,669366503,02/11/2016,unp5SloSbBP,1,1,nlewsieoh
Herbert,O'Dennehy,19539 Saint Paul Trail,Mantang,1,280,627235845,28/07/2016,qVQnOP4ChNgy,2,1,hodennehyoi
Byram,Croasdale,5 Farwell Place,Grosuplje,1,174,215112150,05/07/2016,CPvsyIyyxK,1,2,bcroasdaleoj
Tod,Picopp,57616 Claremont Terrace,Düsseldorf,1,218,124861436,10/02/2017,vksi8xO2I,1,1,tpicoppok
D'arcy,Lammin,492 Northwestern Terrace,Shagamu,1,106,246390960,03/04/2017,BU0L7oxA6uY,1,1,dlamminol
Nerta,O'Duggan,53 Mccormick Center,Vylkove,2,190,697570178,17/04/2017,IYK0iVxf2o0W,1,1,nodugganom
Carlota,Coonihan,09468 Green Terrace,Camino Real,2,184,218108642,31/10/2016,gmIiHjnmre7w,1,2,ccoonihanon
Eberhard,Neame,64 Village Avenue,Banarankrajan,1,18,122893086,11/08/2016,SgPIqrGq2b,1,1,eneameoo
Inigo,Harsnep,5554 Everett Terrace,Rautjärvi,2,80,4086244,28/07/2016,pcFN0V,1,1,iharsnepop
Galvin,Southern,77649 Tony Trail,Baihe,2,58,838942250,08/01/2017,fjMqOt54qF,1,1,gsouthernoq
Christiana,Bernolet,518 Lakewood Parkway,Tehrān,1,138,385520103,04/05/2017,qUeP3zQR,1,2,cbernoletor
Sacha,Cypler,130 Cardinal Point,Numata,2,195,510117559,04/08/2016,wOmCzBO,1,1,scypleros
Ellene,Oosthout de Vree,0152 Melvin Court,Saumur,2,29,233512734,31/03/2017,4o19BdhyJR2,1,1,eoosthoutdevreeot
Meggy,Mehew,4159 Katie Avenue,Phong Điền,1,142,446246150,20/07/2016,fvibqQ3dBAI7,2,2,mmehewou
Olympe,McBeith,67659 Dennis Point,Xibin,2,7,204760049,02/03/2017,NwjM2Y0,2,2,omcbeithov
Thor,Couvet,11613 Hermina Drive,Laiyuan,1,105,224048270,30/06/2016,YIPzPJ9u,2,1,tcouvetow
Danny,Diment,7982 Armistice Street,Cruzeiro do Sul,1,185,600334748,25/04/2017,qitnnc2pQ,2,1,ddimentox
Brandi,Witchard,22 Milwaukee Place,Giebułtów,1,72,198110997,28/03/2017,gzHpzU8MEx9d,1,2,bwitchardoy
Pen,Deacock,474 Doe Crossing Court,Elato,2,132,419675224,11/05/2017,P8HQ8HZSZpz,1,1,pdeacockoz
Jania,Tansly,1440 Carey Way,Cezi,1,57,104504476,21/05/2016,WQT3rg,2,1,jtanslyp0
Saunder,Fitchen,0807 Kim Road,Tanjung Raja,2,35,146934452,17/03/2017,qHAnEox1Z,2,1,sfitchenp1
Garrik,Messenbird,0 Nelson Place,Xazgat,2,15,177914071,14/02/2017,cCjzWj1,2,1,gmessenbirdp2
Juieta,Jendrusch,1288 Ramsey Plaza,Jiuheyuan,1,120,187894132,29/04/2017,yNtNUF9jM,2,1,jjendruschp3
Sigmund,Pickthorne,08171 Bultman Trail,Macheke,1,45,37116212,29/11/2016,FktngIoVAG,2,2,spickthornep4
Kristine,Kingsnorth,548 Merry Court,Omoa,2,127,233137173,18/07/2016,qtVxIRjidj,2,1,kkingsnorthp5
Renault,Oxenford,654 Mariners Cove Court,Yaguaraparo,1,214,563548495,01/11/2016,JtfwUDcNH5,2,2,roxenfordp6
Jenine,Olyunin,632 Bay Court,Qiubin,2,203,180014493,15/11/2016,fEjltxQNOPX,1,2,jolyuninp7
Gaylene,Sprey,911 Carpenter Avenue,Ŭiju,2,109,556595241,26/05/2016,pmoeKoK1B,2,1,gspreyp8
Therese,Tigner,62177 Logan Lane,Budapest,2,296,95727937,19/07/2016,uAhPCXlZ,1,1,ttignerp9
Christal,Munkton,9 Burrows Street,Colonia Elía,1,35,587732048,01/02/2017,C6WZtxo,1,1,cmunktonpa
Valentin,Craft,191 Carberry Avenue,Sintung Timur,1,206,384773957,08/09/2016,GctWkuBH,1,2,vcraftpb
Tammy,Kirkman,3281 Holy Cross Circle,Dvorichna,2,130,512955611,22/04/2017,VFt3Cz,1,1,tkirkmanpc
Ryun,Larman,42 Schmedeman Avenue,Nedakonice,2,18,615308179,09/02/2017,To3MlQfN,2,1,rlarmanpd
Stormie,Becerra,27278 Florence Parkway,Bendungan,1,2,145946646,18/03/2017,SjNMyl1u,1,2,sbecerrape
Sibella,Crittal,0659 Mandrake Lane,Kertanegla,2,66,911182043,30/03/2017,dIkM2xRYv,2,1,scrittalpf
Thorsten,Abotson,59 Forest Run Street,Oklahoma City,2,148,753688854,23/08/2016,L4IvLTn7W,2,2,tabotsonpg
Trude,Comellini,8726 American Drive,Włosienica,1,19,632036388,02/08/2016,1zS4yzFp8y,1,2,tcomelliniph
Catlaina,Aubin,1778 Shelley Point,Parbatipur,2,143,239110078,05/02/2017,8hbidNAe,2,2,caubinpi
Merrill,Izatson,02 Prentice Crossing,Pindi Bhattiān,2,276,840560496,25/11/2016,UDDMEbga08oM,2,2,mizatsonpj
Roselle,Martynikhin,957 Corben Alley,Urzuf,2,69,282729116,19/09/2016,eUqQ7ksKBV,2,1,rmartynikhinpk
Gallagher,McKillop,93 Lakeland Terrace,Qingyun,2,56,236443241,10/12/2016,0sJmLH4o,2,1,gmckilloppl
Bliss,Bullant,10 Hanson Center,Fucha,1,282,456192475,05/10/2016,iMudmPsLfC,1,1,bbullantpm
Kiri,Lazar,12351 1st Court,Krajan Selatan,2,194,439101355,20/08/2016,VX9AcRvPRnE,2,2,klazarpn
Iormina,Ferguson,2 Ridgeview Point,Kunheda Woerzu Manzu,1,73,681987523,15/11/2016,U587tP,1,2,ifergusonpo
Carolann,Copestick,2747 Sundown Drive,Nurmijärvi,2,164,96529560,19/12/2016,RW3e7Y,1,1,ccopestickpp
Bernie,Tilly,91593 Chinook Center,Sam Phran,2,239,479380406,14/01/2017,aRXVwh8t,1,2,btillypq
Marja,McClifferty,84 Blackbird Trail,Barrio San Luis,2,300,43645537,09/06/2016,hcnIDjAMH3,1,2,mmccliffertypr
Pembroke,Braddock,865 Kennedy Parkway,Bulumulyo,1,280,389290866,14/09/2016,zKAFfo6x4qu,2,2,pbraddockps
Filia,Bedding,6220 Farmco Lane,Casal Velho,1,108,777786626,27/08/2016,WTlUdt0MNRj,1,2,fbeddingpt
Titus,Chater,1 Lighthouse Bay Place,Yoshii,2,153,874279593,04/08/2016,m31uucLt,1,1,tchaterpu
Homere,Dullingham,5615 Warner Circle,Wan’an,2,209,968991691,10/03/2017,TR5moSe,2,1,hdullinghampv
Faunie,McKinn,382 Macpherson Junction,Mollās̄ānī,2,97,888890126,27/08/2016,N9xoFwyI0p5,2,2,fmckinnpw
Daphna,O'Currine,5 Darwin Circle,Pailitas,1,24,569620478,03/11/2016,pEZ806Au,2,1,docurrinepx
Jemimah,Burgwyn,3 Northview Parkway,Dolní Cerekev,2,165,679287058,02/08/2016,NSPl06,2,2,jburgwynpy
Madge,Shewan,7 Hallows Park,Voronezh,2,90,509095941,20/11/2016,cwmXIe,1,2,mshewanpz
Danita,Menel,236 Declaration Avenue,Bahe,2,45,558593266,19/08/2016,ibZoKj,2,1,dmenelq0
Husein,Heaps,43269 Sheridan Street,Keswick,1,29,229457301,01/10/2016,l4WstxueE7Oq,1,2,hheapsq1
Taddeo,Mateescu,570 Dorton Pass,San Diego,1,195,260243029,08/10/2016,OxElx6Iwqj,2,1,tmateescuq2
Tedman,Huddy,86 Lighthouse Bay Alley,Sinamaica,2,178,623827301,10/12/2016,knDFt9Ksg,2,2,thuddyq3
Zachariah,Hanks,01167 Cherokee Parkway,Qiagai,1,209,955360816,09/02/2017,Rf01Kue,2,2,zhanksq4
Jourdan,Zannini,830 Homewood Alley,Aranitas,1,3,928803127,08/11/2016,eTjYEmLoyw,1,1,jzanniniq5
Harland,Dykes,061 Barby Lane,Ripky,1,125,998267559,30/09/2016,4HZ7NLrSJRu,2,1,hdykesq6
Thaddeus,Glading,97 Merchant Avenue,Medellín,1,121,376274552,16/04/2017,DtKaKUnEsjr,1,1,tgladingq7
Vincenz,Michael,664 Dryden Park,Az Zāhir,1,183,421400179,05/10/2016,47N1DB6,1,2,vmichaelq8
Gardy,Pala,6602 Lukken Parkway,Gresik,1,8,88588032,04/04/2017,wUXV9VCddOGc,1,2,gpalaq9
Maurice,Abramski,35639 Florence Drive,Mueang Nonthaburi,2,231,164764565,26/11/2016,qi7IsHB4,2,2,mabramskiqa
Charline,Summerside,0410 Meadow Ridge Parkway,Mātli,1,125,533198100,04/03/2017,9IJ9YGv,1,1,csummersideqb
Dyna,Poppleton,74142 Superior Hill,Ovalle,2,208,531130807,11/02/2017,yfSyjw,1,1,dpoppletonqc
Theressa,Dilke,7876 Fair Oaks Circle,Huibu,1,196,982468666,31/01/2017,c9sj92f5tJ,2,1,tdilkeqd
Arabele,Tabrett,7487 Corscot Junction,Luboń,1,97,823813434,19/05/2016,XJGLg62auqM,1,2,atabrettqe
Tamera,Keming,61 Lakeland Point,Espinosa,2,13,968448012,24/02/2017,SvQbd4zK,2,1,tkemingqf
Jannelle,Bollands,16907 Drewry Alley,Nyzhni Petrivtsi,1,249,959984096,24/09/2016,yXSN3LsDQy,1,1,jbollandsqg
Corinna,McRae,103 Raven Alley,La Jagua de Ibirico,2,91,241062858,17/06/2016,t9vMB0S6wTM,2,1,cmcraeqh
Lorne,Brameld,49058 Sage Court,Guling,2,62,405661737,05/03/2017,9fOGg3,1,2,lbrameldqi
Franzen,Ryam,513 Dryden Junction,Balatun,2,190,140458941,15/10/2016,R6HIiZxuVLL,1,1,fryamqj
Rosana,Lowy,9457 Aberg Alley,Changtan,2,53,99838865,12/11/2016,VKTyNqL80,2,2,rlowyqk
Anderson,Jales,8 Maple Road,Parthenay,2,116,218953504,04/10/2016,M9nQ6PeLG4,1,1,ajalesql
Lani,Chatain,67 Dryden Lane,Banarankrajan,2,289,375213944,10/01/2017,Fd4zl62wx40,2,2,lchatainqm
Rafi,Miguel,1815 Stuart Avenue,Sīnah,2,157,510120472,31/10/2016,tePZSaU,2,1,rmiguelqn
Aurore,Dullard,50903 Park Meadow Parkway,Gabasumdo,2,164,413466578,30/09/2016,ZtujkvSd,2,2,adullardqo
Patience,Iacovozzo,6531 Bunting Park,Xinghe Chengguanzhen,2,168,623828875,18/08/2016,JnOxV9y,1,1,piacovozzoqp
Sapphira,Sedger,854 Talmadge Junction,Houston,1,31,955759564,23/11/2016,ibSY4oXA,2,1,ssedgerqq
Josselyn,Bresner,845 Stone Corner Way,Kohila,2,273,275691417,13/08/2016,QNUgKO,1,1,jbresnerqr
Johny,Battleson,879 Oakridge Parkway,Plewiska,2,165,736348530,03/08/2016,g6K67V,2,1,jbattlesonqs
Hymie,Rowbrey,3 7th Lane,Trinidad,1,23,125348400,02/01/2017,OtC0IBZ3,1,1,hrowbreyqt
Lawrence,Starford,42128 Grim Center,Deventer,1,70,831993757,15/12/2016,T6DQAN,2,1,lstarfordqu
Cathy,Conechie,4785 Calypso Avenue,Bratislava,2,158,836836549,25/01/2017,ilkbSNBKir,1,1,cconechieqv
Mara,Souster,3429 Lighthouse Bay Terrace,Sadabumi,2,112,552015587,08/07/2016,RKSopBs,2,2,msousterqw
Cal,Ivanshintsev,94520 Dryden Park,Hantang,2,195,47082809,14/07/2016,UFSrMF,2,1,civanshintsevqx
Sonnnie,Casburn,29567 Meadow Ridge Circle,Świętajno,2,170,798761188,22/03/2017,bRHtqfka,1,2,scasburnqy
Gawain,Warke,341 Kensington Park,Cruz de Pau,1,128,817942649,13/04/2017,e7UTNd8MO,1,1,gwarkeqz
Marshal,Canet,78735 Thierer Parkway,Araras,1,262,271772313,15/08/2016,zUYtLFZmF3,2,2,mcanetr0
Aubert,Archbold,0 Sutteridge Lane,Kungsbacka,2,23,936103889,31/12/2016,HpCVBe,1,2,aarchboldr1
Hedwig,Kingsbury,327 Mosinee Circle,Zhangatas,1,59,684017324,29/12/2016,M9ZyN4k,1,1,hkingsburyr2
Vlad,Maidment,74 Cordelia Lane,Petrovsk,2,115,15817893,02/03/2017,s8iu4cb8i2,2,1,vmaidmentr3
Joellen,Komorowski,9 Lotheville Circle,Keelung,1,288,940439674,11/03/2017,p1phghpsKiTY,1,2,jkomorowskir4
Klement,Walby,47838 Kensington Parkway,Baucau,2,223,455700081,12/04/2017,LrgadXeU,1,1,kwalbyr5
Garry,Derham,609 Montana Court,Qindu,1,172,460198799,28/05/2016,iAMIQR6b,2,1,gderhamr6
Ilaire,Larkworthy,63465 Moulton Court,Buturlinovka,1,275,426165682,08/08/2016,S09egXrA,1,1,ilarkworthyr7
Alexis,Annand,18498 Straubel Avenue,Az Zawr,2,225,208466748,19/12/2016,KY7TyuO,2,2,aannandr8
Grannie,Allicock,99 Lyons Park,Potulando,2,9,463286002,01/07/2016,K8HW9i8w05p,2,2,gallicockr9
Clevey,Paty,67499 Nelson Trail,Soroti,2,184,587778977,27/05/2016,kYwVycngP,1,2,cpatyra
Cordie,Labba,667 Blue Bill Park Point,Lanhas,2,192,198019597,06/03/2017,9mGB0G,1,1,clabbarb
Ray,Broad,668 Blue Bill Park Crossing,Santa Rosa del Sara,1,36,555025571,07/01/2017,3UIzDp,2,2,rbroadrc
Van,Kell,6402 Doe Crossing Junction,Tak,2,232,462182798,14/04/2017,n4r1mra47,2,2,vkellrd
Mikaela,Burren,87 Pankratz Court,Namboongan,2,142,19337351,26/12/2016,7yCfr3,1,1,mburrenre
Rebecka,Winterson,41 Rockefeller Junction,Sibucao,2,183,612055684,09/07/2016,cVU9Kxuprj,2,1,rwintersonrf
Mendel,Lauga,6 Melrose Center,Wolfsberg,2,83,306145331,06/11/2016,cPErrL,1,2,mlaugarg
Haslett,Duesberry,07750 Drewry Pass,Eystur,1,168,422299663,01/07/2016,z5LKMiSs9db,1,2,hduesberryrh
Giorgia,Dumbarton,149 Westerfield Center,Ketampak,1,81,173060619,16/10/2016,2Ro1Rdids,2,1,gdumbartonri
Lorianna,Whitehall,43 Rowland Way,Khinjān,2,128,414278977,19/09/2016,301a7o1NxH,1,2,lwhitehallrj
Jay,Pettko,3753 Monica Circle,Furmanov,2,139,785920528,22/09/2016,41RzCw,1,2,jpettkork
Xerxes,Matthiae,57369 Elka Terrace,Ballina,1,17,320281429,05/02/2017,Z0OQ9ra,2,1,xmatthiaerl
Jannelle,Simoncello,29 Monterey Circle,Chat Trakan,2,208,343451937,13/08/2016,AMoe4Ou,1,1,jsimoncellorm
Johnnie,Heeney,24 Becker Crossing,Tuopu Luke,2,16,209693006,03/05/2017,fO5d90KtOKv,1,1,jheeneyrn
Dionysus,Kirsch,20709 Sunbrook Hill,Areguá,2,149,355303961,28/10/2016,mlVpVAV5MNn,2,2,dkirschro
Larina,Skipworth,6 Calypso Plaza,Kelowna,1,155,69966321,06/12/2016,QVTmIkiu,2,2,lskipworthrp
Annecorinne,Micka,77965 3rd Lane,Saraburi,1,75,58383882,06/10/2016,LFgKyw0fH,1,1,amickarq
Valma,Nolleau,89653 Milwaukee Pass,Cimuncang,2,9,271971851,23/07/2016,BMPAW0,2,2,vnolleaurr
